الخميس 17 أكتوبر 2019 - 13:34,محمد,المدن المغربية القديمة مثلها مثل ساكنيها البعض في بحبوحة من العيش يتمتع بكل الحقوق والمميزات والبعض الآخر لا حظ له في شيء إلا البصبصة والتمني وانتظار الفرج من عند الله عز وجل . فإلى متى يا من تحملوا المسؤولية ..... وسوف يسألون يوما ما إن هنا أو هناك .....
الخميس 17 أكتوبر 2019 - 15:45,قاعة الانتضار,خلاصة القول الشعب المغربي مؤمن و صبور وفقير والله يحب الفقراء كما قال السيسي اصبروا ان الله مع الصابرين عليكم بالصبر الى الانتخابات الاتية في عام 3300 لان الحكومة لا وقت لها كثرة المهرجنات و موازين احتلوا الوقت الكامل للالتفات للواطن عليكم بصر اكثر من صبر ايوب لانكم تستطيعون الانتضار فانتضروا
الخميس 17 أكتوبر 2019 - 19:16,peur americaine sur la turkey,"erdogan sait qu,un petit embargo de la part des usa peut detruire l,economie turk, ,souvenez vous de l,americain de l,eglise qui etait emprisoner en turkey une semaine de l,embargo la lire turc et tomber a50%,,,apres erdogan a lever les mains et il a liberer l,americain, ,,,,,,,c,est l,amerique qui dirige le monde."
الخميس 17 أكتوبر 2019 - 19:19,اكدال,احست تركيا بالخطر و بان السياحة ستتدهور
الخميس 17 أكتوبر 2019 - 19:22,صلاح الدين الايوبي,"يا تركيا افعلي نفس الشيء مع بلغاريا او اليونان اذ استطعت ولكن راكي ذكية يا تركيا وعارفة اشنو كتديري,يا عرب ويا عرب راه تركيا مكتحمل فيكم شعرة وحتى الكتابة غيرتها من العربية الى الحروف اللاتينية,تركيا نعم تركيا الى عطات ليها امريكا الظوء الاخظر راه غادي تحرق كاع الدول العربية ,اما التشتيت ديال سوريا راه شتتها بشار الاسد وباه حافظ الاسد وماشي الاكراد وحتى قط مكيهرب من دار العرس."
الخميس 17 أكتوبر 2019 - 19:35,rachid,طرامب اهانة اردكان وصفه في الرسالة. بالحمق والان رضخ لاوامر واشطن اين الزعيم الملهم. الدي يتفاخر به اصحاب الاسلام السياسي
الخميس 17 أكتوبر 2019 - 19:42,انسحبوا وهم صاغرون ههه,"ههههه أردوغان خاف من أن يُدمر اقتصاده، ألم نقل لكم أن أردوغان يصرخ لدغدغة مشاعر عبدته، ويتراجع بعد أن يُهدد بالدمار، كايخاف مايحشم!! 
أينكم ياعبدة أردوغان؟ أينكم يا من تأملون في أن يحرر لكم القدس، هههه، يالله حادكين في دعم الديكتاتور السفاح كيفما كان الحال، انفضحتم يا معشر الإخوان، كنتم تصرخون بأنكم تدافعون عن قيم الإسلام، إلا أنكم تحالفتم مع الشيطان في قتل الأبرياء..
شكرا أمريكا، شكرا أوربا، شكرا لكل من يحب الإنسانية والسلم والسلام. وخسئتم يا معشر الإخوان يا معشر الرجعيون"
الخميس 17 أكتوبر 2019 - 19:50,خسارة مدوية ومهينة لأردوغان,"بل : تركيا أجبرت على وقف التطهير العرقي وإبادة الشعوب، زمن العنتريات إنتهى.
عصا ترامب أخافت المجرم 
سيذكر التاريخ ديكتاتورية وجرائم السفاح أردوغان وخسارته المدوية والمهينة وستسجل جرائمه في ميزان سيئاته وكبائره
اللعنة لكل من يقتل ولكل من ينادي بالقتل بدون داع."
الخميس 17 أكتوبر 2019 - 20:08,hicham,"التهديد بالعقوبات وتحرك قوات الاسد حولت زئير اردوغان الى مواء 
اردوغان هو الخاسر الاكبر, لقد شاهدنا ملامح اردوغان التي عبرت عن المهانة"
الخميس 17 أكتوبر 2019 - 20:23,العربي,"لقد برهنت لنا اعظم دولة في العالم ان قرار الرئيس لا معنى له وان للكونجرس القرار الاخير
ترامب اعطى الضوء الاخضر لاردوغان وسارع هذا الاخير في الغزو وقامت الدنيا ولم تقعد في امريكا فتراجع ترامب وهدد بتدمير الاقتصاد التركي بلغة مهينة ومسيئة فخاف اردوغان وتراجع وهو من قال البارحة انه لن يتراجع وان العقوبات لا تخيفه وانه سيرد بمعاقبات ضد امريكا هههههه
لقد عودنا اردوغان بالبلابلا هههه"
الخميس 17 أكتوبر 2019 - 20:28,سين,مبقاش لن استمع لأحد ولن اتوقف حتى القضاء على الاكراد. سيدمر اقتصاد تركيا بين ليلة وضحاها. وتعود بها 1400سنة إلى الوراء.
الخميس 17 أكتوبر 2019 - 12:06,Znassni,"السلام عليكم
و لا حشومة هاد التقارير . 
سيخرج علينا العثماني بالقول أن هذه التقارير مغلوطة و يروجها اعداء الوطن . الخ.......
و هي عارية من الصحة . و حنا أحسن من الماريكان . 
و بقا ناعس يا المغربي . راه جاية نوبتك"
الخميس 17 أكتوبر 2019 - 17:14,مغربي,"وهنا نتأكد أن أردوغان من الداعمين الأولين للدواعش، هذا ليس بالمفاجئة فلهم نفس المرجعية
أردوغان يفضل قتل الأكراد الأبرياء كما فعل مع أجداده عندما أباحوا دماء مليون أرماني، على أن يهاجم إخوانه الدواعش، فالدواعش كانوا على الحدود مع تركيا و أردوغان لم يحرك ساكنا 
العالم بأسره ضد الغزو تركيا الجائر"
الخميس 17 أكتوبر 2019 - 17:33,فارس,الصورة أصبحت توضح شيئا فشيئا، هدف غزو أردوغان لسوريا هو تحرير الدواعش، فالكل يعلم أنه هو من سهل لهم الدخول إلى سوريا
الخميس 17 أكتوبر 2019 - 19:36,سكزوفرين,"هل تبينت لكم حقيقة أردوغان ايها المغرمون والمغرمات به، 
هل فمهمتم الآن لماذا باركت أمريكا ترامب خطوات أردوغان.
الترك يشبهون إسرائيل في السعي إلى الهيمنة بإضعاف الدول المجاورة.
ماذا تغير حتى قرر أردوغان في هاته الفترة بالذات الهجوم على الأراضي السورية.
كيف تفسرون المصادفة بين انسحاب أمريكا والتدخل التركي.
يجب حالا على إيران وسوريا والعراق الإتحاد ضد الإمبريالية في صيغتها الأردوغانية."
الخميس 17 أكتوبر 2019 - 19:47,عبدالله,"كنبتها في تعاليقي الاخيرة بان اردوغان دخل الى سوريا لتحرير الدواعش الذين دخلو من تركيا وهادا باتفاقية مع اخوه ترامب او نحن نازلين علينا بالمسرحيات ديالهوم .
اردوغان الخوانجي من نهار عرفتو وهو يمتل على العرب المسلمين بانه ضد اصراءيل وضد الغرب وهو من تحت الدف يخدمهم ويكره العرب بحال الشعب ديالو كره عميق يقرونه لأولادهم في المدارس او حتى واحد ما يكذب علي لأنني أعيش معهم كل يوم وهاذا كلامهم لا ينسون غدر العرب الدين باعوهم في ايام العتمانيين والعرب مانو سبب خسارتهم الحرب.
يا الله يا الخوانجية نزلو علي بالديسلايكات ديالكم لانها هي الحقيقة المرة . الترك يكرهوننا ولا اكذب وشهادتي امام الله."
الخميس 17 أكتوبر 2019 - 19:40,نور القلوب.,أعز الله الملكة وسدد خطاها لما فيه خير الشعب الأردني الشقيق
الأحد 13 أكتوبر 2019 - 06:14,حسن النتيفي,اللهم اسقينا غيثا نافعا و لا تجعلنا من القانطين يا ارحم الراحمين
الخميس 17 أكتوبر 2019 - 19:25,بدون اسم,"عشنا حتا شفنا النفس لي حرم الله ان تقتل بغير حق تتقتل وتلاح في الزبل 
لا حول ولا قوة الا بالله"
الخميس 17 أكتوبر 2019 - 19:28,مغربي,البان عليه ان يجرب دلك على أولادهم وأفراد وعاءلتهم.
الخميس 17 أكتوبر 2019 - 21:34,Ali,"""وكان هاندكه واجه موجة من الانتقادات بسبب تأييده للرجل الصربي القوي وزعيم الحرب،"" ... للرجل الصربي القوي ,"
الأربعاء 16 أكتوبر 2019 - 17:12,صابر,كفى نزف دماء هذا البلد و تجب المحاسبة
الأربعاء 16 أكتوبر 2019 - 17:12,ameur,و الله هذا حرام اشتغلوا لايام معدودات و بأجر خيالي ثم يطالبون بتقاعد لا يستحقونه في حين ان العامل المسكين يعمل طوال حياته ‘ لا ينعم في آخر ايامه إلا الفتات
الأربعاء 16 أكتوبر 2019 - 17:13,ابراهيم,الحمد لله ان مزال الاخرة ..و كل سيحاسب على ما فعل ..
الخميس 17 أكتوبر 2019 - 17:51,makaveli,كيف سيتمكن رجال الوقاية المدنية من عمل وسط هذا حشد الا يخاف هؤلاء على أرواحهم من انفجار أو شيئ من هذا قبيل. في جميع بلدان العالم تجد سيارة شرطة ترافق رجال الأمن من أجل إبعاد الفضولين من مكان الحادث لتسهيل عمل رجال مطافى وكذلك من أجل حفاظ على الأمن.
الخميس 17 أكتوبر 2019 - 18:41,محمد,انها رياضة مغربية بامتياز.... كلما كان انسان في مأزق الا وعمل آخرون على المزيد من خنقه.... كان على هؤلاء الهمج اما تقديم المساعدة الممكنة .. او الانسحاب حتى يتمكن رجال الوقاية من القيام بعملهم....
الخميس 17 أكتوبر 2019 - 19:09,samira,اتقو الله يا عبد الله في هذه البلاد كل واحد راه كيدير خدمتو لماذا دائما الاستياء من كل شيء شجعو الناس على العمل مشي تحبطوهم رآه خصكوم تجربو كل المهن اللي كتسبو فيها بغير علم و بالامكانيات المتوفرة مشي اللي في اوربا أو في الاحلام عيشو الواقع و بركة من المعيور لا في الصحة ولا في التعليم ولا في رجال المطافى ولا في الشرطة و..........حشومة اي مهنة راه فيها الناس الشرفاء و اللي كيخدمو بضمير الله اعون الجميع في العمل ديالو
الخميس 17 أكتوبر 2019 - 17:38,karim,ا لعفوالملكي على الريسوني لا يجب ان يتزامن مع اللغط الحالي الدي تعرفه الساحة الوطنية بقيادة دعاة الانحلال باسم الحريات الفردية لان دلك يمكن ان يجرد ه من مضمونه الانساني ويعطيه معنى اخر لذا كان يجب التريت حتى يخمد هدا النقاش انداك يمكن للريسوني ان تنال العفو
الخميس 17 أكتوبر 2019 - 17:46,HASSAN,خلال المحاكمة والضجة التي اثيرت حولها الكل اكتفى بالصمت ولما قام الملك بواجبه الدستوري اصبح الكل يطبل ويزمر
الخميس 17 أكتوبر 2019 - 17:49,Maroc,والله عدد من أصدقائي سودانيون و اردنيون .. باعتبار طبيعة عملي .. ما أقوله ليس انتقاص من احد لكن كيف لفتاة مغربية شابة جميلة صحفية من عائلة ترتمي على سوداني و بطريقة متسرعة و غير قانونية .. هل لم سبق رجال مغربة او ماذا ؟ ماذا تركتي للمغربيات الاخريات اللواتي لا يمتلكن شيء
الخميس 17 أكتوبر 2019 - 18:00,stylo bic,هذه الحكومة ليس لها وجة نظر كما ليست لا شخصية بغض النظر عن القضية لا من الناحية القانونية او الشرعية،بالامس عندما تمت ادانتها خرج الخلفي كالمعتاد ليوضح والان نرى الاشادة بالعفو الملكي.الملكية مؤسسةةدستورية كما هو الحال بالنسبة للحكومة.حكومة لا رأي لها ،لا دراية لها بالقوانين لا شخصية لها لا ضمير لها خسبنا الله ونعم الوكيل فيك.الامس الغاء تجريم العلاقات الرضائية خارج اطارها الشرعي.اليوم الغاء تجريم الاجهاض.المساواة في الميراث.اوا تشنون حرب على الشريعة الاسلامية .ومن يتعدا حدود الله فقد ظلم نفسه.
الخميس 17 أكتوبر 2019 - 18:19,جريء,الى المعلق كريم: لو كانت اختك هي للي في السجن و الله ماقلت هكذا، اتقي الله في نفسك، و اخرج من عالم الظلمات و الارهاب الى النور.
الخميس 17 أكتوبر 2019 - 18:42,HASSAN,الى صاحب التعليق رقم 3 خلق الله الارض بدون حدود ولكل البشر والاعراق واللون والديانات والثقافات حيث لا فرق بين عربي وعجمي الا بالتقوى وجعلناكم شعوب وقبائل لتعارفو
الخميس 17 أكتوبر 2019 - 18:46,حسن النتيفي,حكومة المنافقين امس إدانة وخرجة إعلامية من طرف الناطق الرسمي والان كلا ٱخر اما جلالة الملك مقام به فهو يدخل في اطار اختصاصاته التي يخولها له الدستور وبارك من من تبدال الفيستة واستغلال الضرف والفرص للتقرب من عاهل البلاد.
الخميس 17 أكتوبر 2019 - 18:50,متتبع مغربي,ياللعجب لحكومة لحكومة السكون والخوف بالامس القريب عندما كانت الريسوني مدانة ومحكوم عليها بالحبس الحكومة لم تحرك ساكنا ولم تدلي برأيها سواءا بالتأييد او الرفض او الاعتراض والآن بعد العفو الملكي السامي المنقذ والمحرر نطقت وتكلمت .لماذا لم تكن لديها الجرأة وتعارض الحكم التعسفي والقاسي بحق هجر أليست لذيها شخصية وقوة على ذلك أم أن الخوف والجبن يسكنها .
الخميس 17 أكتوبر 2019 - 19:01,لا للتسيب,المغرب متجه إلى الضياع والانحلال والتسيب.أتساءل أين الدين من كل هدا.حين أشاهد هده الأخت مبتسمة مفتخرة بالمعصية وأهلها فخورون فلنا أن نقرأ الفاتحة على القيم .هل الحشمة والحياء والخوف من الله تعالى إرهاب وظلام ورجعية
الخميس 17 أكتوبر 2019 - 19:01,مواطن متتبع,إخوتي في نظري ليست الحكومة التي تشيد بل المستفيدين من العفو الواجب عليهم أن يشيدوا . هاذا رئيي
الخميس 17 أكتوبر 2019 - 19:09,عباس فريد,في الدول الديمقراطية يكون العفو في حالة نادرة اما انسانية او اخلاقية وفي هذه الحالة يجب التعامل بنفس الإجراء على جميع المتهمين بنفس القضية سواء الذين تمت محاكمتهم او الذين لا زالوا في طور المحاكمة وهكذا يكون المواطنون سواسية في معاملتهم
الخميس 17 أكتوبر 2019 - 19:09,تغطية الشمس بالغربال,بعض النظر عن ان الريسوني تستحق العقوبة أم لا وبغض النظر عن العفو. هذا يبرز جليا شي ان: القضاء في المغرب غير عادل والكل يعرفه والثاني القضاء خضر فوق طعام. يعني كل المؤسسات التي يطيل ويأمر لها لا تساوي شيء. واذا كان عفو فهناك تدخلات من المخزن في الباقي. انشر
الخميس 17 أكتوبر 2019 - 19:10,ملاحظ,العفو يجب أن يشمل فقط الحالات الإنسانية كقضية هاجر الريسوني وخطيبها وأن لا يشمل المجرمين والقتلة والإتجار في البشر والإغتصاب والمشرملين والإرهابيين والمخربين!! لم أتحدث عن الأوساخ ورمي الأزبال في الشوارع لأن أصلا لا يوجد أحد في السجن بسبب هاذه الظاهرة الخطيرة التي أصبحت جزء من ثقافتنا وهويتنا
الخميس 17 أكتوبر 2019 - 19:18,حقيقة,المسألة واضحة العفو الملكي هو رسالة للقضاة للإجتهاد في قضايا العلاقات الرضائية بين بالغين على أنها لا تستوجب العقاب. ما أعجبني هو تعليق هنا يقول كيف لفتاة مغربية مثقفة أن ترتمي على سوداني بدون أوراق ولا شيء. الغريب أن بلاغ الديوان يتحدث عن علاقة زواج مرتقبة بينهما وشخصيا لا أظن أن السوداني سيتزوجها بعد فضيحة الفساد على الأقل أمام عائلته
الخميس 17 أكتوبر 2019 - 19:29,ابو وايد,إليك الله يا وطني وداعًا الدين الإسلامي الحنيف عشنا وشفنا الأكثرية يهللون للفسق والزنا اللهم الطف بنا يا رب
الخميس 17 أكتوبر 2019 - 19:55,لهيب,أرجوكم أحاول أن أفهم . أذا كانت الحكومة بمن فيها وكل الشخصيات السياسية بالمغرب تزمر وتطبل للعفو الملكي . فأين كان هؤلاء طيلة مدة المحاكمة الماراطونية . أو بالأحرى من أين أتى هؤلاء الذين أمروا بالقبض على هاجر وخطيبها وطبيبها وكل الممرضين والممرضات وحكموا عليهم بالسجن النافد . والله نفاق
الخميس 17 أكتوبر 2019 - 20:03,hossain,بالله عليكم الا تخجلوا من انفسكم هذه الهالة على من على واحدة اجهضت وحكمت باسم صاحب الجلالة وعلى عنها صاحب الجلالة فقد كان رحيما بها والصلاة والسلام على رسول الله لماذا هذا اللغط هل كانت عالمة فضاء حتى تستحق كل هذا
الخميس 17 أكتوبر 2019 - 20:03,عبده/ الرباط,الايمان بضع و ستون شعبة..و الحياء شعبة من الايمان (حديث شريف ).... و لكن في زماننا الراهن تكاد هذه الشعبة ان تختفي بيننا الا من رحم ربي
الخميس 17 أكتوبر 2019 - 14:12,سليم,اذا كنت لا تعرف اللغة العربية أو الفرنسية فهناك قاعدة قانونية معمول بها في جميع دول العالم تقول: القانون لا يحمي المغفلين، والجهل بالقانون لا يسقط العقوبة
الخميس 17 أكتوبر 2019 - 17:10,taha,الحمد لله ان البقعة ديال الدولة ولا كل مشات عند الله كسابقيها
الخميس 17 أكتوبر 2019 - 19:46,احمد,وكالة الانباء الاسبانية كان عليها ان تختصر عليهم الطريق وتنقلهم الى كاطالونيا باش يعقدو اجتماع مع هادوك اللي ياكلوا العصا بالعلالي والباقي راهم في السجن هامعامن خصكم تجتمعوا نتما ماباليكم تنشطوا غير عندنا اعطى الله اماكن النشاط هاكتالونيا هاكشمير هاالباصك هاالاكراد واش مابانت ليكم غير العيون تحية خالصة للذي اعادكم عبر الطاكسي لاكادير وارجوا ان تكون النشاطات هن من دفعن ثمن الرحلة
الخميس 17 أكتوبر 2019 - 19:48,من امريكا,من حق المغرب ان يتخذ القرار في كل ما يخص بسيادته ووحدته الترابية ، فيتوجب عليهما اخد التصريح او تنشطا بعيدا عن المغرب ،فلتدهبا و الى كاطالونيا
الخميس 17 أكتوبر 2019 - 19:49,بوزيان من تمسمان المهمشة,ياك كتقولو بلي الصحراء مغربية والصحراويون مغاربة وحدويون ايوا خليو الاروبيين والاروبيات يمشيو للصحراء ويهدرو مع الصحراويون الوحدويون
الخميس 17 أكتوبر 2019 - 19:52,طريق بن زياد,فاليدهبو الى اسبانيا فهناك يوجد انفصاليو كاتالونيا والله لسوف يمرغلونهم في التراب ليتعلمو كيف يساندون الانفصاليين هاتهي المنضمات هم اعوان الشياطين
الخميس 17 أكتوبر 2019 - 19:52,اطلس,"لماذا لا تذهب هذه الناشطة الحقوقية إلى كطالونيا والتي تطالب بالاستقلال عن اسبانيا؟
أما العملاء والخونة فمصيرهم المزبلة بإذن الله بعد انتصار الشعب الجزائري على العصابة والتي أنجبت لقيطة تندوف ."
الخميس 17 أكتوبر 2019 - 19:55,محمود,من الصقيع شمال اروبا الى الصحراء شمال إفريقيا.. فماذا يعرف هؤلاء عن تاريخ المنطقة..؟ وما دخلهم فيها..؟ إنه بالفعل الإصطياد في الماء العكر..
الخميس 17 أكتوبر 2019 - 20:10,مغربي,على الناشطين باموال بترول الجزاءر ان تدهبا الى الاراضي الفلسيطنية المحتلة من طرف الصهاينة للدفاع عن الشعب ال فلسطين البطل. عليهم الاتجاه كدلك الى منطقة القبائل والطوارق بالجزاءر للدفاع عن حقوق هؤلاء المواطنين الدين يعيشون الاضطهاد والموت البطيء من طرف جنيرالات الجزاءر الديكتاتورييند
الخميس 17 أكتوبر 2019 - 20:17,الصحراء المغربية,هاتين الناشطتين ديال آخر الزمن مابان لهم غير المغرب!! ياك كتالونيا أقرب، علاش ماوقفوشي فيها؟؟ والله واحد ماباغي الخير للمغرب ولا للجزائر، باغيينهوم يبقاو مدابزين أطول فترة ممكنة، يكذب عليكم شي واحد
الخميس 17 أكتوبر 2019 - 20:28,مريريكشي,"je me pose beaucoup de questions, est ce que les marocains interviennent dans les affaires danoises?ou d'autres pays. a chaque fois des intrus viennent nous embêter dans notre territoire au nom des droits"
الخميس 17 أكتوبر 2019 - 20:42,FROM RIF,منع ناشطتين دانماركيتين من دخول الصحراء شيء خطير جدا حيت العالم غادي يشك في القظية ديال الصحراء
الخميس 17 أكتوبر 2019 - 06:20,ملاحظة,"بجب طرد عاجلا مصطفى حجي من طاقم التقني وبشكل نهائي.
لأنه المشكل الرئيسي في خسارات المنتخب واقصائه المبكر دائما في المنافسات القارية والعالمية."
الخميس 17 أكتوبر 2019 - 06:21,ملاحظ,حدث التغيير سيطال مصطفى حجي بدون شك و ان لم يكن ذلك نتمنى حل مكتب الجامعة برمتها بما فيها رئيسها و كل رئيس مكتب رياضي ينتمي لحزب سياسي.
الخميس 17 أكتوبر 2019 - 06:24,البوزيدي,مصطفى حجي ، فيصل فجر ، كارسيلا ، درار ، بلهندة ، منديل ، المحمدي ... يجب أن يغادروا ، وإذا لم تتحسن الأمور فليغادر لقجع
الأربعاء 16 أكتوبر 2019 - 11:27,جبيلو,شكرا للامازيغ المزورين الذي اراد اقصاء كل ما هو عربي و شكرا لانكم الان ايقضتم.العروبه حتى في اولائك الذين لم يكومو يهتم لعروبتهم و كام مغاربه فقط..شكرا لكم . الان بان تزويركم. وتحيه مغربيه عربيه لسكان جبالا العرب الاحرار
الخميس 17 أكتوبر 2019 - 10:44,الحسين,نريد من هذه الكنوز ان تخرج من الصندوق وان تترجم على أرض الواقع كما فعل اسلاف هذه الامة.خرجوا الناس من ظلمات الجهل الى نور الايمان ومن جور الظلم والاستبداد إلى العدل ومن عبادة العباد الى عبادة الواحد القهار.
الخميس 17 أكتوبر 2019 - 18:09,محمد بلحسن,"ذون ذكر الأسماء:
قرية ""ماكو"" المجاورة لنهر ""غامبيا"" بجهة ""كيدوكو"" بالسنغال على بعد 600 كلم على ""داكار"" حيث عشت طيلة 1000 يوم, أعتبرها كنز من كنوز الاسلام بافرقيا الغربية ... كانت معزولة طيلة قرون بسبب التضاريس وتواجد محمية ""نيوكولوكوبا"" مصنفة تراثا عالميا للبشرية بداخله حيوانات مفترسة وحالة مسلك طرقي خصوصا مع تساقطات مطرية تناهز 1200 ملم ووجود صخور cuirasse latéritique سطحية تجعل التنقل عبر السيارات والحافلات صعبة جدا ووجود أمراض خطيرة الملاريا القاتلة .. رغم كل ذلك عشت بجوار مسلمين في بعض تقاليدهم لا يختلفون عن المغاربة وفي معاملاتهم مع المسيحيين وشعب pays des bassaris المتشبتين بمعتقدات .. عشت هنالك طيلة 4 سنوات تقريبا في مهمة هندسية لتحويل مسلك ترابي الى طريق معبدة دولية ""داكار/باماكو"" اي بين السنغال ومالي وهو دراع من بين أدرع الربط الكبير ""طنجة/لاغوس"".
غادرت بلدي المغرب في 07 أكتوبر 1991.
عدت في 1995 محمل بتجارب مهنية مكتسبة في إطار التعاون شمال/جنوب/جنوب (سويسرا/المغرب/السنغال) وبتجربة هامة جدا حول الدين الاسلامي السمح المتعايش مع المسيحية ومع المعتقدات كله.
إنها كنوز مكتنزة !"
الخميس 17 أكتوبر 2019 - 12:21,ان كنت ناسي افكرك,"كانت للمنتخب المغربي فرصة التتويج بها,لولا خطاءه الفادح امام المنتخب المصري,نجم الدفاع المغربي بدون منازع هو غانم سايس,الذي لولاه لما تاهل المنتخب لكاس العالم ربما"
الخميس 17 أكتوبر 2019 - 12:29,tarik,زياش لاعب متعجرف و فاشل مع المنتخب و لن يقدم شيئ و لن اشاهد منتخب المخنتين مرة اخري ان يتغير اللاعبين و المدرب
الخميس 17 أكتوبر 2019 - 12:33,لانفرقو بينهم أحد,"يجب أن لانلومو أحد عن الماضي لقد حدت ماحد بسب المدرب الدي أهمل من يستحق أن يكون وأن لايكون،كما أنه يتحمل الإقصاء الدي كلفه إفراغ خزينة الجامعة بسبب تمديد عقده بعد إقصاء روسيا من الدور الأول.
أما إقصاء كان مصر سببه قرارات روناروتركيز الاعبين للمقابلة،بحيت الإستعداد والتركيز يجعل الاعب جاهزا بدون ضغوط نفسية أو بدنية قد تسبب لهم إرتباك وخوف كما حصل مع البنين أخطاء بالجملة وضياع ضربة جزاء من حكيم الدي كان يعاني ضغوطات نفسية مع نفسه."
الخميس 17 أكتوبر 2019 - 12:39,خالد,بدل أن يطلق بنعطية العنان لساقيه ويظهر لنا موهبته في الميدان اكتفى بأن يطلق العنان للسانه بالتصريحات دون أدنى شعور بالخجل من مشواره الهزيل رفقة المنتخب ودون أن يتذكر أن المغاربة لطالما غفروا له كوارثه الدفاعية والتي كانت وراء فشلنا في عديد مناسبات، وآخرها مزلة لقاء البرتغال بالمونديال حيث ظل يركل الكرة برعونة خارج إطار المرمى.
الخميس 17 أكتوبر 2019 - 12:47,امين,أكثر لاعب كانحس بيه كايلعب عن حب و قناعة تجاه القميص اللي كايحملو هو زياش ، زيادة على الروح و القتالية اللي كايلعب بيها ، ولكن الحظ لا يحالفه
الخميس 17 أكتوبر 2019 - 13:05,ابن حطان,ومن كان سببا في اقصاء المنتخب في النسخة ما قبل الاخيرة من كأس افريقيا امام مصر ألست انت يا ابن عطية ، لاعبو المنتخب المغربي المحترفون يلعبون غير مبالين لا تهمهم الا الماديات ويخافون من الاعطاب اما مع فرقهم فيعلمون انهم اذا تهاونوا فمصيرهم الإقصاء .
الخميس 17 أكتوبر 2019 - 13:10,dayz men hna,"يلزم المنتخب بعض التعديلات في الأماكن و سنرى منتخبا قويا في القريب العاجل 
إضافة لتعزيزات من البطولة أمثال الكرتي باعدي و رحيمي و السعيدي"
الخميس 17 أكتوبر 2019 - 13:10,مومو,فعﻻ بن عطية كان يقصد زياش حين خرج بتصريحه حول الجزائر التي فازت بكاس افريقيا لكونه تتوفر على ﻻعب يمكنه ان يحدث الفارق كمحرز و هدا ينفص من قيمة و وزن زياش بنعطية يبغض كل ﻻعب ﻻ ينتمي الى منضومة الدوري الفرنسي و كان على رأس لوبي الﻻعببن المزدادين بفرنسا مع المدرب رونار و حجي .
الخميس 17 أكتوبر 2019 - 13:11,الصحراء المغربية,المقابلة الرسمية المقبلة أمام المنتخب الموريطاني الطموح، نريدها في مدينة العيون عينيا، وكولشي غيكون بخير إنشاء الله نتيجة وأداء. لدينا لاعبين كبار، لكن الثقة في النفس هو ما ينقصهم فقط
الخميس 17 أكتوبر 2019 - 13:17,ملاحظ,عرف عن زياش انه يلبي عندما يطلب منه ذلك. لا يلام اذا كان احيانا غير محضر ذهنيا ام بدنيا و لم يقدم او يخطئ. المهم انه يحاول و ذلك الذي سيؤلقه في المستقبل. اما اخرون! منهم من يهربون و يزعمون ما لا يقبل و منهم من ينافق في الحضور الغياب. سواء كان بنعطية الذي توقف او زياش الذي لا زالت امامه الفرص مستقبلا، نحن ننتظر من هؤلاء الذين يزعمون النجومية ان يبرهنوا التفوق على منتخبي مكسيك 70 و 86 و المتوج بالكاس الافريقية الوحيدة، و الذين اغلبهم كانوا محليين من غير النجوم. لا جدوى في ثرثرة الفاشلين.
الخميس 17 أكتوبر 2019 - 13:32,زهير,كم أتمنى لهذا الاعب، أقصد زياش، اللعب في صفوف الريال .. والقادم أفضل إن شاء الله بالنسبة للفريق الوطني .. تحياتي لكل الاعبين سواء من يلعب في الخارج أو مع الأندية المغربية
الخميس 17 أكتوبر 2019 - 13:35,خليلوفيتش,إذا كان الغرض من تصريحات بنعطية الأخيرة هو التشويش و إثارة البلبلة خاصة إتجاه زياش فاقول لزياش دعك منه و لا تبالي به فانت مازال امامك مستقبل زاهر بحول الله
الخميس 17 أكتوبر 2019 - 13:48,إلى الصحراء المغربية,"ياأخي هدا حلمنا أن يلعب منتخبنا الوطني في كل منطقة من أرضنا الغالية،لاكن وللأسف فالمغرب لم يجهز هناك ملعبا بمواصفات الفيفا لكي يحصل هدا الإنتضار.
للأسف الشديد كنت أتمنى أن يستمر فريق الجنوب كما كان من قبل ولما لا تمتيل المملكة في بطولات قارية."
الخميس 17 أكتوبر 2019 - 21:13,HASSAN,جل المسؤولين يتخذون الاحتياطات اللازمة لما بعد انتهاء صلاحيتهم حيث يشترون فيلات او شقق خارج البلد ويكدسون الدولارات في الابناك الاجنبية ويرحل ليصبح معارضا للدولة
الخميس 17 أكتوبر 2019 - 21:17,الصراحة على عين ميكا,العماري انتهى مند حراك الحسيمة وشخصيا لم اعلم كيف ضهر على الساحة السياسية ولكن لا تستغرب شخص عبقرية الفهامة في السياسة والدين والكرة والكرعين و الجاز.
الخميس 17 أكتوبر 2019 - 21:17,مصطفى,صافي لي جا يخطف و يهرب فالطيارة نعام أسييي.والمغاربة فكل مدينة مدورينا ب الباراجات بحال شي حبس كبير ...فين غادي منين جاي.
الخميس 17 أكتوبر 2019 - 21:30,من امريكا,"اصبح المنصب لصيق بعلم ، منصب الياس العماري . فالاحرى ان يقال منصب رئيس جهة كدا ،، 
من العنوان كيبان بان اللي فشي بلاصة كيحفظها ويملكها اللهم ان هدا منكر"
الخميس 17 أكتوبر 2019 - 21:31,حسن النتيفي,اهرب قبل ما يسقط فالمحاسبة او نقولو الغائب حجته معاه او بماذا. يفسر هذا الغياب المباغت
الأربعاء 16 أكتوبر 2019 - 22:54,ملاحظ,سلام.لماذا بالنسبةcnops يتعمدون في تأخير الحصول على بطاقة العضوية أو تجديدها لمدة. أزيد من ستة أشهر؟فهل هذا هو الإهتمام بالمرتفقين،أما بالنسبة للتعويض عن الأدوية فحدث ولا حرج؟فلماذا لا يتم منح جميع المنخرطين بطاقة ممغنطة تسلم للصيدليات والمصحات أو المستشفيات والمختبرات للقيام بالمتعين في عين المكان علما أن كثير من الدول تستعمل البطاقة الممغنطة لربح الوقت عوض الإنتظار الذي تجبر التعاضدية منخرطيها عليه؟فنحن في عصر الحاسوب والانترنت والاتصالات السريعة فهل من مجيب؟ونتمنى من المتصرفين الأربعة المعينين من طرف وزارتي التشغيل والمالية الأخذ بعين الاعتبار لهذا الإقتراحات أو أضعف الإيمان عرضه على وزارتيهم عن طريق دراسة معمقة من طرف مكتب دراسات عمومي تابع للدولة(مثلLPEE)وآخر تابع لوزارة البيئة وغيرهما من مكاتب دراسات عمومية أو أضعف الإيمان الأخذ بالتجربة الفرنسية في ميدان التعاضد.والله ولي التوفيق.
الخميس 17 أكتوبر 2019 - 09:36,محمد,"السلام عليكم
مبادرة طيبة أن أزيح لمديرالسابق لكنوبس.فعهدته كانت سببا مباشرا في تدهور خدمات هذا الصندوق.فِاجال تسوية الملفات تمددت كثيرا،ونسبة التعويض تقلصت بحيث أنها لا تصل إلى %50.فما عليكم إلا مقارنة مبلغ المصاريف مع مبلغ التعويضات.الفرق واضح.فأين ذهب التزام الصندوق بتعويض منخرطيه بنسبة85%. فنحن نطالب بنسبة تغطية 100%،حتى لو تطلب الآمر دعم الدولة لهذا الصندوق إسوة بمكتب الماء والكهرباء و 2M.....والسلام عليكم"
الاثنين 14 أكتوبر 2019 - 18:37,Arsad,"نسال اللله له السداد والتوفيق ونسأل الله ان لا يصبه ما اصب البعض من قومنا انتظرنا وصولهم فلما وصلوا تنصلوا.
هنيئا لشعب تونس وهنيئا لكل من جاهد واجتهد وناضل في سبيل الكرامة ."
الخميس 17 أكتوبر 2019 - 19:21,سعيد . أ,"إلغاء شرط الحصول على الميزات في سنوات الإجازة للقبول ضمن لائحة المترشحين لاجتياز هذه مباراة هو أكبر مكسب للطلبة المجدين النزهاء الذين اعتمدوا على أنفسهم لاجتياز الاختبارات الكتابية الجامعية،إذ أن الأغلبية كانت تعتمد على الغش خلال الانتقال من سنة إلى أخرى،وقد رأيت هذا الأمر المشين رأي العين عندما كنت أتابع دراستي بكُلّيتيْ الآداب و كلية الحقوق،بل كان من بين طلبة الدراسات الإسلامية من كان يغش في مادة علوم القرآن!!!ناهيك عما أصبحنا نسمعه عن مقايضة النقط بالجنس من طرف بعض المحسوبين على هيأة التعليم من منعدمي النخوة والضمير.
إن إلغاء الانتقاء الأولي لهو أكبر إنصاف لهؤلاء الطلبة الشرفاء.
يبقى أمر آخر ألا وهو تشديد المراقبة يوم إجراء المباراة،فكما يقال:""فإن الطبع يغلب التطبع""،ومن كان ديدنه الغش للحصول على النقطة لن يتورع عن الغش للوصول إلى الوظيفة،وعملية الغش خلال المباريات يشهد بها القاصي والداني،لذا من الواجب تشديد الحراسة،ولِمَ لا زرع كاميرات مراقبة في قاعات الامتحان واستبعاد كل مرشح يحاول الغش،فالمعلم الغشاش والأستاذ الغشاش هما اللذان درّسا المهندس الغشاش والطبيب الغشاش والعامل الغشاش..."
الخميس 17 أكتوبر 2019 - 14:39,Maria,"العنف هو سلوك غير طبيعي او انحراف سلوكي و لذلك لمحاربته هناك عدة طرق اولا النقص من الاكتظاظ في الاقسام و تحديد الحد الاعلى لعدد التلاميذ و الاقسام لكل استاذ و هناك بيداغوجيات مختلفة لمحاربة العنف و الشغب في صفوف التلاميذ و القيام بانشطة ثقافية و رياضية موازية لهم و رحلات مدرسية و احيانا حفلات مدرسية للقرب و التعارف و هناك ايضا توظيف مساعدين نفسيين و اجتماعيين داخل المدارس...و ايضا اختيار اساتذة اكفاء ليس فقط معرفيا و لكن ايضا بيداغوجيا...مثلا هنالك اساتذة متمكنين جيدا من المادة, التي يدرسونها, و لكن على مستوى تعاملهم مع التلاميذ ليسوا اكفاءا."
الخميس 17 أكتوبر 2019 - 14:56,diaz med,النظام الجزاءري مبادؤه الدفاع عن الشعوب لتقرير مصيرها واستقلااها.لازلنا ننتظر ردة فعلها تجاه كاتالونيا.وما راي النظام الجزاءري في قمع وسجن المتضاهرين من لدن السلطات الاسبانية
الخميس 17 أكتوبر 2019 - 15:40,من هولندا,كل شعوب الأرض لها حق تقرير مصيرها. لا يمكن دمج شعب في وطن لا يمت إليه بصلة و عنوة فيه. و لا فرق في هذا بين شعب أوروبي أو إفريقي أو أمريكي أو آسيوي. الشعب الكاطالوني شعب مستقل بذاته فلم ضمه إلى إسبانيا رغما عنه. إلى متى هذا الطغيان؟ غالبية الشعب الكاطالوني ترفض ضمها إلى إسبانيا منذ مآت السنين فماذا تغير؟ لا شيء، أحفاد الأحفاد سيضلون يقاومون هذا الضم الإرهابي. لكل شعب حريته في تقرير مصيره .. في إسبانا كما في المغرب أو الجزائر أو كشمير أو فلسطين المحتلة أو كردستان .. لا للظلم، لا للإستبداد، نعم لتوحيد الشعوب لا لضمها عنوة و قهرا.
الخميس 17 أكتوبر 2019 - 15:41,مغربي,اين المنظمات الحقوقية و الهولندية على الخصوص التي تولول على سجن الزفزافي...
الخميس 17 أكتوبر 2019 - 15:46,فدواششش,هي رسالة موجهة إلى عسكر الجزاءر الحاكم، حول تقرير مصير الشعوب .. على حاكم الجزاءر الحالي الكايد صالح أن يدافع على شعب كطالونيا ويطلب استقلاله عن ( المحتلة اسبانيا ) ، كما يخلو لابواق دعاية الجزاءر الرسمية تسمية احتلال المغرب للصحراء..هنا نظهر النوايا الخبيثة لعسكر الجزاءر الحاكم الذي يصر على معاكسة المملكة المغربية في استرجاعها لاقالمها الجنوبية التي احتلتها اسبانيا أي الصحراء المغربية... ولا يسعنا إلا أن نقول لحكام الجزاءر العسكر : حسبنا الله ونعم الوكيل...
الخميس 17 أكتوبر 2019 - 17:21,حسن النتيفي,الوزراء اندتروا و لا جديد علي الساحة السياسية والاقتصادية والاجتماعية والثقافية ووووووحسبي الله ونعم الوكيل فيكم
الخميس 17 أكتوبر 2019 - 17:22,mounir,"حتا حنا رانا عايشين فهاد البلاد و نستناو هاد النجاعة اش غيتخرج عاود.
مللنا من هاته الاجتماعات الفارغة
ناقشو التغيير الجذري لهاد البلاد.
هبطو شوية لعند الشعب راه طايب"
الخميس 17 أكتوبر 2019 - 17:24,Le revolté,"si nous suivons le raisonnement de Mr EL OTTMANI, plus il y'a moins de ministres plus il y'a d'efficacité au niveau des rendements. donc le Maroc peut être mieux avec un gouvernement à Zéro ministre, puisque nous avons un roi ."
الخميس 17 أكتوبر 2019 - 17:27,نلااه,"أصلا كل الوزراء ليس لهم أي معنى لانهم جميعهم لا يشتغلون لشيء الا لتلك الشهرية والحصانة والتقاعد المريح وسرقة أموال الشعب والشعب 
وافظل لنا ولهم ان يرحلوا وعلى رأسهم أنت العثماني"
الخميس 17 أكتوبر 2019 - 17:34,HASSAN,تقليص الحقائب بادرة طيبة ولو انها ليست فكرة الحكومة . ولكن رواتب الوزراء المقالين يعطي دائما نفس الكلفة المالية او ربما اكثر . اذا يبقى نفس السيناريو المعاش
الخميس 17 أكتوبر 2019 - 17:37,HASSAN,النجاعة ليست بتقليص عدد الوزراء بل بتغيير العقليات
الخميس 17 أكتوبر 2019 - 17:38,تاوناتي,"لو كان الملك امره بزيادة عدد الوزراء،لجاء العثماني ليشيد بزيادة عدد الوزراء والإضافة التي سيقدمها الوزراء المضافون إلى عمل الحكومة وو...الخ.
اظن ان الشخص الوحيد الذي يصدق بأنه فعلا رءيس حكومة هو السيد العثماني،أما باقي الشعب المغربي فيعلم جيدا ان العثماني لايسمن ولا يغني...يعني زايد ناقص..البلاد غادية به أو بلا به.لان هاد الحكومة وهاد البرلمان مجرد ديكور، وديكور رديء."
الخميس 17 أكتوبر 2019 - 17:41,عبد السلام اطراشلي,بعد أن أصبحت الانتخابات قاب قوسين او أدنى ومدة ولاية رئيس الحكومة قريبة اقتنع بأن تقليص عدد الوزراء فيه مكسب وترشيد وووو.... فما الذي منعكم من إتخاذ قرار تقليص عدد الوزراء منذ البداية؟... تلك الأموال التي أهدرت هنا وهناك من المسؤول عنها؟ دائما رئيس الحكومة يحاول إقناع نفسه بأنه حقق فتوحات ليس لها مثيل وان تدبيره للشأن العام سبق لم يتحقق بعد....
الأربعاء 16 أكتوبر 2019 - 12:28,افران الاطلس المتوسط,"قاليك ""مال اوغزمو خصنا انتدربو"" وراه خص ما ختاركم حت تكونو مجهدين ماهرين موهوبين في مستوى عال . لكن الخطاء ماشي ديالكم ديالهادوك لي اختاروكم او عزلوكم هناك فين كاين المشكل . المهم بلادنا راحت فيها الله الطف بنا هذا نقولوا ماكنش اناس المناسبين في المكان المناسب هذا لي خرج على البلاد"
الأربعاء 09 أكتوبر 2019 - 14:12,mokhtar,صفر نفايات . و صفر درهم إستفادة
الأربعاء 11 شتنبر 2019 - 11:07,الحمد لله,واش حتهما غادين اقطعو ليهم من الاجور لصالح صندوق الكوارث
الأربعاء 11 شتنبر 2019 - 11:17,ملاحظ,"هل سينصفون ولو قليلا كما أنصف أهل جرادة؟ أم أنهم أبناء منطقة ميدلت الدين لاتواي لهم الدولة أي اهتمام على غرار أبناء الأطلس المتوسط وهلما جرا جهة الراشيدية .
نتمنى التفاتة من طرف الدوله إليهم ونتمنى أن يبرز المنتخبون غيرتهم على منتخبين ولو بالإعلان عن رفض الاقصاء"
الأربعاء 11 شتنبر 2019 - 11:43,أم سلمى,لم استطع أن احبس دموعي وأنا أقرأ هذه القصة الحزينة،ليس كل مرة تسلم الجرة.اللهم بارك لهم في اعمارهم وارزاقهم .
السبت 12 أكتوبر 2019 - 12:31,ابن سوس المغربي؛ للأسف,هناك الكثير من أبناء الشعب المغربي الميسورين و الاجانب الأغنياء يريدون استثمار في المغرب ولكن مافيا البيروقراطية في المغرب تنهب كل من يريد خدمة الوطن فا القوانين والأنظمة و سير و جي و خاصك و انا نساعدك وو كل هذه الأمور التي يتقنها ناهبي المال العام المتربصين بكل من يأتي آلى المغرب جعلو المغرب عبارة وعن ضيعة فيرما الحلول في أيديهم و من يدفع أكثر هوا من يستثمر و فس الأخير نهب و نهب إلى ان يعود خاسراً و يكره اليوم الذي فكر فيه للاستثمار في المغرب
السبت 12 أكتوبر 2019 - 16:35,احمد,"مغامرة هذا الشاب غير محسوبة العواقب.
صحيح انه انسان طموح ويحب التحدي. لكن التجارة لا تدين لك فقط لانك طموح بل يجب مراعاة الظروف السياسية والاقتصادية.

عقوبات اضافية علي كوبا ستجعل الشركات الاجنبية تعاني الأمرين"
الأربعاء 16 أكتوبر 2019 - 19:24,العجب,إلى حدود الساعة 17 مساءا الغاز ال ب 10دراهم و04 سنتيم، كيف ذلك؟
الأربعاء 16 أكتوبر 2019 - 19:27,عزيز,"عن أي تخفيض تتكلمون عجيب امركم،0,22 ارهقتم جيوبنا بالزيادات والمستفيد من طبيعة الحال هو أخنوش ورباعتوا كفى من معاملة المغاربة كأغبياء"
الأربعاء 16 أكتوبر 2019 - 19:29,Sa ta,في الزيادة يزيدوا درهم و في النقصان ١١ سنتيم هي 2 د الريال و الله حتا الطنز هدا بعينيه
الأربعاء 16 أكتوبر 2019 - 19:30,ayad,vous choisissez bêtement les qualificatifs....dire une baisse bien remarquée de litre du gasoil 20 centimes et neuf pour l'essence c'est de la pure honte monsieur le rédacteur de cette information.
الأربعاء 16 أكتوبر 2019 - 19:32,محمد,انها رياح برشلونة
الأربعاء 16 أكتوبر 2019 - 19:32,HasSane,"ياله من فتح مبين! انخفاض سعر البنزين بتسع سنتيمات!! بعد استهلاك مائة لتر ما تربحش حتى ثمن قهوة!
أعتقد أن الحل يكمن في الإقتصاد في استهلاك المحروقات و تشجيع التنقل بوسائل أخرى كما هو الحال بدول شمال أوروبا. وداك الساعة خليهم يسيقوا المحطات بالبنزين اللي يبقى ليهم ف لي ستاسيون..
أمسية سعيدة"
الأربعاء 16 أكتوبر 2019 - 19:32,منير,اللي ملقاش الضحكة وضحك عليها ربي يحاسبو عليها هل السنتيمات هي التي ترحم جيوب المغاربة هو التراجع بالدراهم وياربي ترحم جيوب المغاربة
الأربعاء 16 أكتوبر 2019 - 19:33,مغربي,لا حول ولا قوة الا بالله انخفاض بسنتيمات لن يغير من الموضوع شيئا فالحساب المنطقي يفيد بوجود درهمين في كل لتر او اكثر خارج الارباح القانونية فبرميل النفط في السوق لا يتعدى 60 دولار طونحن ندفع قرابة 10 دراهم تخيلوا كمية الاموال المنهوبة من طرف تحالف موزعي النفط بموافقة الحكومة الفاشلة درهمين في كل لتر وتتحدثون عن سنثيمات
الخميس 17 أكتوبر 2019 - 01:15,مواطن مغربي,الله الوطن الملك، الله يبارك ويخلي لنا سيدنا والعائلة الشريفة، أمين
الخميس 28 فبراير 2019 - 20:16,أيوب المغربي,شكون هاد المغاربة؟ واش سكان المغرب أو سكان غرب المغرب في الرباط وسلا وما جاورهما؟
الخميس 28 فبراير 2019 - 20:47,Moussa,Happy Birthday to our beautiful princess! May Allah protect her .
الخميس 28 فبراير 2019 - 20:55,رشيد,"ألف مبروك..
ما شاء الله..
وقولي للوالد - أعز الله أمره - راه البواجدة كشطونا..وما خلاو لينا لا باش نديرو لولادنا عيد الميلاد..ولا باش نخلصو ليهم دروس الموسيقي..لا ديدي لا حب الملوك..."
الخميس 28 فبراير 2019 - 21:01,متتبع,عيد ميلاد سعيد .. لا أضن أن هناك تناقض بين حفظ آية قرآنية و العزف على الغيتار !
الخميس 28 فبراير 2019 - 21:02,عبدالله,سنة سعيدة للأميرة ويدخلها عليك الله سبحانه وتعالى بالصحة والعافية ويحفظك لوالديك وللمغاربة الاحرار .
الخميس 28 فبراير 2019 - 21:08,المبارك,عيد ميلاد سعيد للا خديجة عقبال مأة سنة
الخميس 28 فبراير 2019 - 21:12,citoyen,joyeux anniversaire notre petite princesse....que le bon dieu te protège
الخميس 28 فبراير 2019 - 21:54,اعصيم سمير,عيد ميلاد سعيد لسمو الاميرة الجليلة للا خديجة.
الخميس 28 فبراير 2019 - 22:10,معنى,عيد ميلاد سعيد وجعل الله كل ايامك عيد
الخميس 28 فبراير 2019 - 22:33,hanane,عيد ميلاد سعيد والعقبة ل100سنة انشاء الله. مع تمنياتي لك بالخير واليمن والبركات في كل ما تطمحين اليه يا اميرتي الجميلة حفظك المولى ورعاكي
الخميس 28 فبراير 2019 - 23:23,اهل كنعان,فلتحفظكي الالهة يا الاميرة للاخديجة وعيد ميلاد سعيد
الخميس 28 فبراير 2019 - 23:31,smail,عيد ميلاد سعيد للأميرة الجليلة وعاش ملكنا العزيز محمد السادس نصره الله
السبت 23 فبراير 2019 - 23:06,فلالي,اللهم احفظ لنا اميرنا المحبوب ولي العهد مولاي الحسن.تبارك الله وما شاء الله يحمل على عاتقه مهام جسام رغم حداثة سنه.اللهم احفظه من عيون شر الخلق وبارك لنا فيه وفي والده جلالة الملك .ومرحبا بضيوف المغرب .في اقل من اسبوع المغرب يستقبل ضيوفا من طراز رفيع وهدا يبين قيمة بلادنا ويجر علينا الحسد
السبت 23 فبراير 2019 - 23:17,مغربي,مرحبا بضيفا المغرب الكبيرين حفظ الله اميرنا المحبوب ولي العهد مولاي الحسن بما حفظ به الذكر الحكيم و ادام عليه الصحة و السلامة و الافراح و المسرات و التوفيق و التفوق باستمرار.
السبت 23 فبراير 2019 - 23:31,اعصيم سمير,الامير ولي العهد مولاي الحسن الله يحفظو وينصرو.وملكنا محمد السادس الله يحفظو وينصرو ويحفظ ليه الميمة لي ولداتو.
السبت 23 فبراير 2019 - 23:40,مغربية,اميرنا الوسيم ...اللهم بارك فيه وبارك عليه...
الأحد 24 فبراير 2019 - 09:27,عدنان,الله ينصر سيدنا محمد السادس و الاسرة العلوية الشريفة ، انا مستعد نضحي بالغالي و النفيس وحياتي من اجل ملكنا المحبوب. اجمل ملك في العالم. يعيش الملك.
الأحد 24 فبراير 2019 - 16:41,الحقيقة,تبارك الله وماشاء الله على أميرنا الله ينصره ويحفظه ويحفظ العائلة الملكية الكريمة وعلى رأسها جلالة الملك محمد السادس نصره الله وايده
الخميس 17 أكتوبر 2019 - 13:29,hiba,vive le maroc bravo les services marocains
الخميس 17 أكتوبر 2019 - 13:29,amin sidi,سلام. حنا كيهمنا نعرفو بداية ونقطة الانطلقة لي هد الشاحينة .؟ ام نقطة الوصول خلينهالكم انتما .
الخميس 17 أكتوبر 2019 - 13:35,المواطن الحكيم,"ساهمت المديرية العامة للأمن الوطني المغربية بشكل كبير في إنجاح عملية التسليم المراقب للمخدرات المسماة ""Les triples""، التي مكنت المكتب المركزي لمكافحة المخدرات في الشرطة الوطنية الفرنسية من ضبط شاحنة محملة بحوالي طنين ونصف من مخدر ""الحشيش""،
وأكد المصدر أن آلية التسليم المراقب للمخدرات تجد أساسها القانوني في الاتفاقيات الثنائية بين المغرب وإسبانيا وفرنسا في مجال التعاون الأمني، 
يا ليت تكون السلطات الاسبانية عند حسن الظن وتساهم في عدم دخول المخدرات كم ثغري سبتة ومليلية؛
فالملاحظ أنه عندما تمر بعض السيارات من المعبر الحدودي في اتجاه هاتين المدينتين يتم تفتيشهم جيدا من طرف السلطات المغربية ، أما السيارات القادمة إلى المغرب فالسلطات الاسبانية لا تقوم بأي تفتيش على الاطلاق."
الخميس 17 أكتوبر 2019 - 14:10,pour Amin sidi,يا اخي نبدأ بفهم النص بعد قراءته ..ونصدر احكامنا بعد الفهم الذي يجب أن يكون سليما من الشك والريبة التي اغلبها يعود إلى قلة استوعابك لما جاء في النص...فهنا يقول المتحدث ..بان المغرب ترك الشاحنة.او السيارة بنقل الحشيش وتمريره بدون ضبطه من طرف الأمن والجمارك..الذين كانوا على علم بمرورها مسبقا...وكذا فعلت اسبانيا..دون أن تترك هذه الآلة دون مراقبة ولو لحظة واحدة filatures en douce..حتى بلغت الشاحنة فرنسا..لتتمكن شرطتها من تتبعها بدورها والقبض عليها مع أصحابها...وسيكون معهم بحثا آخر لمعرفة كل العصابة......وهكذا تمكنت الشرطة المغربية والإسبانية ونظيرتهما الفرنسية.باعطاء ضربة موجعة للمهربين. وهو عمل جاد قاموا به يستحق كل التنويه....ولك مني فائق الاحترام... (عميد شرطة متقاعد)
الخميس 17 أكتوبر 2019 - 16:19,amin sidi,سلام. الى سييدي الفاضل والمحترام العميد المتقاعيد اطال الله عمرك وشكرا على كل شيء . انا نيتي حسنة ولم اوسيء الضن ابدا في رجال امنينا الدين يسهرون ليلا ونهارا على حماية الوطن وجميع الناس وطنيا ودوليا من هد الافات الارهاب والاجرام والمخدرات .عيل الي بغيت هو بحال هد العملية ومن هد الحجم الكبير نشفوفها على شكل شريط وثاءقي والمجهودة التي يقوم بها امنونا وشكرا لهم ..واكرير حاش معاد الله ان اوسيء الضن في من يخدمون هد الوطن .وشكرا لك سيدي العميد مع طول العمر والصحة وحجة انشاء الله
الخميس 17 أكتوبر 2019 - 16:31,وجدة,"ساءق الشاحنة مجرد حمال او خدام
باختصار 
تم تعقبه للوصول للاباطرة و حتى رؤوس العصابة"
الخميس 17 أكتوبر 2019 - 17:14,non a la drogue,هده الطريقة في ترصد المهربين جد دكيه وفعالة ستجعل أباطرة المخدرات يضربون الف حساب كي يتمكنو من توزيع سمومهم ، حيث لن يقف هاجسهم فقط من العبور بل خوفهم سيزداد عند وصول البضاعة الى مقرها
الثلاثاء 15 أكتوبر 2019 - 12:33,Maria,"شكرا على هذا المقال القيم, رغم قصره, فهو يختصر واقع يتجاهله الكثيرون, هي ان القيم الانسانية الكونية منزلة من السماء عن طريق الوحي الالاهي و الغرب بنفسه لا ينكر ذلك, حتى ان العديد من القوانين الغربية, في المعاملات التجارية مثلا, مستوحات من الارث الديني المسيحي...اما في العالم الاسلامي فهم من اصبح منبهرا بالعلوم الغربية و يعتقد ان مرد ذلك لتخلص الغرب من الدين تماما, لكن الغرب لم يتخلص من الدين حقيقة, ربما تخلص من سطوة الكنيسة على تعاملاته اليومية و التدخل في حياته الشخصية كممثلة للرب, لكن الانسان الغربي يقول بان علاقته بالرب علاقة مباشرة و تصوره لله تصور خاص به..."
الثلاثاء 15 أكتوبر 2019 - 12:46,SOUSSI,القيم تطورت مع الانسان منذ القدم فالمدينة الفاضلة لافلاطون تعتبر في عهده قمة العدالة الاجتماعية رغم وجود العبيد. قانون حمو رابي يعتبر عادلا في زمانه . الدين دائما ينسب كل شيء الى نفسه. وللتذكير كلامك عن العلمانية يمث عن جهل كبير بمبدأ العلمانية الذي يقول بفصل الدين عن الدولة وليس محاربة الدين فالدين للفرد والدولة لجميع مواطنيها كيفما كان دينهم او معتقداتهم
الخميس 17 أكتوبر 2019 - 16:22,mohammed,"سيصيبه ما اصاب بوضياف
قضية الصحراءر اسمال العصابة الحاكمة في الجزائر"
الخميس 17 أكتوبر 2019 - 16:22,الجزائر دائما مع المغرب,تعتبر الجزائر دولة مستقلة في قراراتها غير تابعة لأي طرف ، المضكل ليس في الدولة الجزائرية وانما المضكل في اتباع فرنسا بالمغرب والجزائر هؤلاء تبغضهم الوحدة والتقارب لأن مصالحهم ستتضرر عائلة آل الدرهم وآل الرشيد هم اكبر المستفيدين من بقاء النزاع طويلا
الخميس 17 أكتوبر 2019 - 16:23,reda,السبب واضح في تغيير القادة الجزاىريين رايهم حول قضية الصحراء المغربية هو بفضل الشعب الجزاىري الدي مند 8 اشهر يطالب بالديمقراطية و الحكم المدني فالتحية هنا للشعب الجزاىري المناضل
الخميس 17 أكتوبر 2019 - 16:25,نور الإيمان,"وشهد شاهد من أهلها 
الصحراء مغربية وستبقى مغربية إلى أن يرث الله الأرض ومن عليها."
الخميس 17 أكتوبر 2019 - 16:25,ملاحظ مغربي.,"كل أحرار الشعب الجزائري يعلمون هده الحقيقة...
ملاييييييير الدولارات التي صرفت بسبب مشكل الصحراء سواء من المغرب أو الجزائر،،،، لو صرفت في تنمية البلدين لما كان هناك فقير واحد في المغرب والجزائر..."
الخميس 17 أكتوبر 2019 - 16:26,souad,وشهدا شاهد من اهلها اتمنى ان تعود الأمور الى نصابها وان تنتهي مسالة الوليساريو المفتعلة وان يستفيد الشعبان المغربي والجزائري من هذه الأموال المهدورة دون وجه حق
الخميس 17 أكتوبر 2019 - 16:26,شيشاوي,هذه هي الاخوة الصادقة هذا هو الرجل الصحيح في المكان الصحيح لان الجزاءير والمغرب ليس بينهم حدود انهم عاءيلة واحدة فرقهم الاستعمار الغاشم
الخميس 17 أكتوبر 2019 - 16:26,عبدو من الرباط,وشهد شاهد من اهلها .الحمد لله الشعب الجزائري الشقيق وبعض القياديين ليس لهم مشكل مع المغرب ما عدا الجنرالات الذين يسترزقون من المنظمات ويستنزفون ثروات الجزائر تحت غطاء جماعة المرتزقة البوليزاريو .الصحراء مغربية الى أن يرث الله الارض ومن عليها.
الخميس 17 أكتوبر 2019 - 16:27,وجدي,لقد جاء الحق وزهق الباطل ان الباطل كان زهوقا ....لقد اظهر هدا الشجاع الباسل الحقيقة المزيفة منذ 50 سنة وهاهي شمس الحق بدات تشرق لتربط العلاقة بين الاشقاء العرب
الخميس 17 أكتوبر 2019 - 16:28,abdou,الله يجب من يقول الحق أتمنى أن تتم تسوية مشكل الصحراء لأن الشعب الجزائري و المغربي هما اللذان يدفعان ضريبة المعاناة
الخميس 17 أكتوبر 2019 - 16:28,Mohamed,نحن والجزائريون شعب واحد ولابد من الاتحاد طال الزمن أم قصر.
الثلاثاء 15 أكتوبر 2019 - 10:41,saad,"هنيئاً للشاعر الجميل محمد بلمو،أحد القابضين على جمرة الشعر بكفّ من حرير.
وشكراً لهسبريس على إفرادها حيّزا للشعر والشعراء."
الخميس 17 أكتوبر 2019 - 07:07,ملاحظ,الناس وصلت الى المريخ ونحن لا زلنا نحارب الجوع .
الخميس 17 أكتوبر 2019 - 08:01,المهدي,ماذا يمكن ان نأمل من أحزاب تتصرف مثل ( الضرايرات ) كل واحدة تتباهى بحب وثقة سيدنا وتفضيلها على الأخرى ؟ ماذا يمكن ان تقدم هذه الأحزاب بوزرائها وشبابها ونسائها وهي تعيد تدوير نفس الوجوه بعد كل خطاب ملكي وهي الخطابات التي لم تمرّ واحدة منها منذ سنوات وفي كل مناسبة دون تقريع لهذه الأحزاب وهؤلاء المسؤولين ودون توبيخ مبطن لتقصيرها وعبثيتها وصبيانيتها دون ان تعي الدرس وتراجع نفسها ؟ أصبح المواطن متعوّداً وهو ينتظر خطاباً ملكيا أن يسمع الملك وهو يصبّن هؤلاء فيسارعون في ارتباك لاحتواء الموقف لحين هدوء العاصفة للغوص مجددا في تفاهاتهم وتخبّطهم في انتظار خطاب ملكي جديد .. إن دعا الملك الى إشراك الشباب أو العنصر النسوي سارعوا الى شباب او نساء ( الموقْف ) الحزبي لتأثيت المشهد بعناصر جوفاء رأسمالها عامل السن او تضاريسها البيولوجية المهم ها الشباب ها المرأة اما الكفاءة وباقي المؤهلات فلا يهم .. قرف ما بعده قرف ..
الثلاثاء 15 أكتوبر 2019 - 17:53,زهير,اتوود تستحقها كاتبة جد ذكية . و تعرفت على احد افضل اعمالها من خلال مسلسل هاندزميد تيل و بطلته اليزابيت موس . و تحكي كيف تنهار قيم امريكا عن الحرية حين يسيطر المتدينون . مسلسل يستحق المشاهدة و حتى الكتاب يستحق القراءة
الخميس 17 أكتوبر 2019 - 09:32,Arsad,"هي لعبة سياسية تتقمص دور الصهيونية والماسونية بأسلوب وفكر ظاهره مشع وبراق وباطنه جمر من الفولاد لا ينطفئ .
تشتيت الافكار واشغال الأي ومنع للالفة وتشويش على المصدقيات وتفريق المسارات حتى لا يكون الهدف واحد ."
الخميس 17 أكتوبر 2019 - 17:35,ملاحظوس,"على الاقل هؤلاء ""التافهون"" صرحاء مع انفسهم ومع الواقع ،فهم يتناولون مشاكل موجودة واقعيا بمجتمعنا ويعطون آراءهم قد تصيب وقد تخطأ ،على الاقل هم لهم الشجاعة لفتح نقاش مجتمعي صريح اما المتأسلمون ففي الواجهة خطابهم ديني لكن سلوكهم لا أخلاقي اي خطاب سكيزوفريني 
فلازالت فضائحهم لم تنته بعد وللذكرى السيد طارق رمضان النموذج الأمثل للكثير من الإسلاميين يركن حاليافي السجن بفرنسا بتهمة الاغتصاب
ولا ننسيى الداعية متلبسا مع رفيقته الداعية، 
ثم قضية الصحافي توفيق بوعشرين المقرب من حزب العدالة والتنمية
عبد الله الحمزاوي عضو بارز في اللجنة المشتركة للدفاع عن المعتقلين الإسلاميين وأحد المقربين من أحد شيوخ السلفية، بتهمة الخيانة الزوجية مع سيدة منقبة بعد اعتقالهما ليلة الوقوف بعرفة العام الماضي في منزله بالمدينة نفسها.
نزوات الشيخ السلفي محمد الفيزازي مع شابة تدعى حنان زعبول (18 عامًا)، قالت إن الشيخ أنكر زواجها منها، بعدما عاشرها لمدة 5 أشهر في منزل بمدينة طنجة، بدون وجود أيّ عقد زواج رسمي."
الخميس 17 أكتوبر 2019 - 19:29,Maria,"تجريم تعدد لزوجات و تحليل او عدم تجريم الخيانة الزوجية??! اي انهم يريدون ان يكون للمراة ايضا عدة ازواج في وقت واحد و يختلط الحابل او الحامل بالنابل ههههه و لا تكون اي مسؤوليات في العلاقات بين المراة و الرجل و كل واحد يفعل ما يشاء, اذن الزواج اصلا لن يكون له اي معنى, ما عدى المصالح, يعني زواج المصالح الشكلي, اذن لا داعي من الزواج اصلا و نصبح مثل الحيوانات في لطبيعة و لا داعي للملابس ايضا و نعيش في الغابة و الكهوف...و لا داعي للعمل اصلا ونعيش على اكل الجيفة وعلى القنص و اكل ثمار الاشجار كالشعوب الطبيعية قبل ظهور الحضارات الانسانية"
الخميس 17 أكتوبر 2019 - 08:07,nihilus,"MERCI MON DIEU POUR N'AVOIR PAS DIT 3ACHA AL MALIK, I LOVE YOU"
الخميس 17 أكتوبر 2019 - 08:07,yaaaaaaaadris,"رب ضارة نافعة ، المهم على سلامتك ، و أتمنى أن يكون القادم أجمل.
و عقبال الزفزافي و المهداوي و كل أحرار المغرب"
الخميس 17 أكتوبر 2019 - 19:32,Youssef,لا تنتظروا الجديد مع هده الحكومة الفاشلة.
الخميس 17 أكتوبر 2019 - 19:43,حداوي مغربي مغربي,مشروع المالية أعدته الحكومة القديمة وستناقشه الحكومة الجديدة مع البرلمان....أنعم و اكرم
الخميس 17 أكتوبر 2019 - 20:10,حداوي مغربي مغربي,"المرجو تصحيح تعليقي كما يلي و شكرا هسبريس 
الحكومة الجديدة ستناقش مع البرلمان مشروع المالية الذي أعدته الحكومة القديمة......أنعم و اكرم...يعني الكفاءات الجديدة ستعمل على تنفيذ ما وصل إليه المعفيون...و الله ما افهمت وااااالو"
الخميس 17 أكتوبر 2019 - 20:51,مواطن,سلام،نأمل من الحكومة الجديدة أن تهتم بالجانب الاجتماعي عمليا من خلال إعفاء المتقاعدين من الضريبة على الدخل وتمتيعهم بالزيادة في المعاشات كاخوانهم الموظفين العاملين حاليا مع استفادتهم من الزيادة الأخيرة وربط المعاشات بالسلم المتحرك للأجور. ثانيا.العمل على ترقية الموظفين المستحقين و المسجلين في لوائح الترقي منذ سنة2015ومنهم من تقاعد ولازال ينتظر بسبب قلة المناصب المالية وكذا العمل على سن قانون من استفادة المسجلين في لوائح الترقي منذ سنة2015 بالرغم من تقاعده أو وفاتهم وإعطائهم حق الأسبقية لأنهم افنوا زهرة حياتهم من أجل الصالح العام.ثالثا.لقد حان الأوان لتسوية ما تبقى من ملفات ضحايا سنوات الرصاص خصوصا المسماة خارج الأجل،علما أن الرئيس السابق الراحل بنزكري كان راسل بعضهم خلال سنة2004 لموافاته بعض الوثائق وارسلوا له ماطلبه من وثائق وشواهد طبية. فهل تعتبر خارج الاجل؟
الخميس 17 أكتوبر 2019 - 20:57,عبدو عبدالله,اجتماع الغرفتين في جلسة واحدة لمناقشة الميزانية لايهم الشعب المغربي لأننا مللنا من هذه المسرحيات التي يتم إخراجها بحلة جديدة مرتين في السنة. المستفيدين هم الوزراء والنواب والمستشارين. يتقاسمون الكعكة المحصل عليها من جيوب المواطنين ومن الخيرات المتنوعة في هذا البلد بالإضافة إلى القروض التي يتصلون عليها من الابناك الدولية بإسم الشعب. اللهم عجل في اخذ كل من يساهم في قهرنا وفي استنزاف جيوبنا وخيرات بلادنا كي نستريح منه
الاثنين 14 أكتوبر 2019 - 01:26,hassan,نفس السنة التي سقطت فيها اخر مماليك الاندلس قرطنة سنة 1492 يا للعجب.
الاثنين 14 أكتوبر 2019 - 01:30,الحسين اومحند القصراوي,الحقيقة....والصواب...و الأجدر أن يتم تحديد يوم نعرف فيه العالم بغرائب المغرب الحديث...مغرب التناقضات السياسية...والصراعات العقائدية المغلفة بالتجاذبات الفكرية....تملص الأحزاب من دورها الفعلي في تأطير الشعب....تغول وتوحش المجتمع المغربي اجراميا واخلاقيا وجنسيا...رآه خصنا أحنا لي يكاشفنا...يكتشفوا غرائب وطرائف هاذ لبلاد ماشي أمريكا...
الاثنين 14 أكتوبر 2019 - 01:39,abcd,و عادت حليمة.... كل العالم يرى سوى المستقبل يسارعون الى التقارع فيه الا نحن ندور و ندور ثم نرجع الى الماضي نسترجع الذكريات كنا و كنا... اسبانيا الان فاتتنا بقرون الى الامام و ماهو الحل عندنا نعود بقرون الى الوراء اعذروني اذا لم يعجكم كلامي لكن مثل هذه المقالات تحبطني كأن قدرنا سوى ماضي طوي في صفحات مات و لن يعود اتمنى ان نقرا اراء مستقبلية مجهودات تقودنا الى الامام الى ما ذلك
الاثنين 14 أكتوبر 2019 - 01:55,متتبع,وحسب مسلسل ايسابيل الإسباني فقد أقام كريسطوبال بقصر الحمراء عند أمير غرناطة حيث التقى بعالم مسلسل فصحح له حساباته عن محيط الكرة الارضية
الأحد 13 أكتوبر 2019 - 20:46,Azeddine,ترامب هو المسؤول الرئيسي في هذه القضية وذلك لعداوته مع مارك وشركته فيسبوك وتحكمه في السوق المالي العالمي.
الأربعاء 16 أكتوبر 2019 - 14:23,مواطن 7,لا أظن لأن العسكر سيفصل إنتخابات sur mesure تلائم يريده هو ، أما طموحات الشعب فهي أخر ما يفكر فيه
الأربعاء 16 أكتوبر 2019 - 14:23,سيمو عباس,ديمقراطية تًونس ووعي الشعب التونسي. أعطى دروس وحماس وامل لكل الشعوب العربية وليس فقط الجزاءر الحمد لله كانت السودان واليوم تونس فاول غيث الديمقراطية والحرية قطرات من الأمل
الاثنين 14 أكتوبر 2019 - 12:05,الحاج الدغميرة مول المرقة,اما جائزة نوبل لطاجين و با قالا وة و الدغميرة فعادت الى شعوب مؤخرة الترتيب
الاثنين 14 أكتوبر 2019 - 12:23,majid,على العرب تنضيم جائزة خاصة بهم لأنه اذا انتضرو جائزة نوبل فربما سيطول الانتضار لمدة قرون أو اكتر
الاثنين 14 أكتوبر 2019 - 13:20,مهاجر سپانيش,"الأخ Majid.
ان نظمها العرب فمعلوم الى من ستؤول الجوائز. فمثلا جائزة السلام ستكون من نصيب الامير بن سلمان او بن زايد اما الاقتصاد فمن نصيب السيسي و الاداب لعصيد و الطب لعبعاطي مول الكفتة الخ.. النتيجة ..سينتحر العقل ويتبعه الضمير"
الاثنين 14 أكتوبر 2019 - 14:40,moi,المغرب عندهم جائزة نوبل للغناء والرقص الخامج
الاثنين 14 أكتوبر 2019 - 15:40,سين,إلى الذين ينتقدون فرنسا .انها رابع دولة عالميا من حيث عدد جوائز نوبل بعد و.م.أ. وانجلترا وألمانيا.عفوا نسيت أن أوضح أنها تدرس بالعربية.
الاثنين 14 أكتوبر 2019 - 19:24,الى سين,يا اخي لا تقحم الإسلام أو اللغة في تدخلك. ليس بالضرورة تكلم الفرنسية أو الإنجليزية يجلب نوبل. العلم عبارة عن فكر و لغة. يمكن ان تفكر بلغتك و توصل رسالتك بلغة أخرى. ممكن ان استعمل معك نفس منطقك: اغلب علماء الرياضيات و الفيزياء الرياضية يهود. فهل أقول لك يجب ان تكون يهوديا حتى تصبح عالم رياضيات. الإسلام لم يمنع العلم، بل نحن من نمنع العلم ونتخذ الإسلام مطية. بالمناسبة تكويني هندسي و رياضي في نفس الوقت و إذا أردت ان أفقهك في علوم الرياضيات عند المسلمين فانا مستعد، لدى لا داعي لمجاراتي
الثلاثاء 15 أكتوبر 2019 - 20:09,سين: المرجو النشر,إلى المهندس الذي لا يجاريه أحد:أتعلم أن العرب هم فعلا من اخترعوا الصفر لكنهم ويا للأسف لازموه.
الخميس 17 أكتوبر 2019 - 13:53,الصقر,انا من ساكنة عين عودة بالفعل ينقطع الماء بشكل متكرر ولمدد طويلة خلال اليوم كما ان طعمه غير قابل للشرب نطلب من المسؤلين عن هذا الشان ان يجدوا حلا لهذه الاشكالية كما ان فواثير استهلاك الماء و الكهرباء جد مرتفعة بالمقارنة مع ما يستهلك فعلا اد يعتمدون فقط على التقدير دون مراقبة العدادات وتسجيل بيانات الاستهلاك الحقيقية نتمنى ان يوضع حد لهذا التسيب.
الأربعاء 09 أكتوبر 2019 - 22:43,hassan bourich,"هذه الحكومة الجديدة هي في الواقع حكومة تصريف الأعمال ......
فالانتخابات قريبة .....
و السيد العثماني بدوره ساهم بقدر كبير في تردي الوضع الحكومي .....
لقد كان السيد العثماني بمثابة ""مجمر"" يستدفىء من حوله الوزراء .....
فكان من الاولى ان يكون اول المغادرين ...
السؤال الآن: هل هذه الحكومة تستطيع تلبية حاجيات المواطن المغربي؟ هل لها القدرة الفعلية على ترجمة الإرادة الملكية المعنونة بالأولويات الأربع؟هل لها من الكفاءات والقدرات ما تستطيع بفضله إحداث رجة وزلزلة في الملفات الاجتماعية ونحن على أبواب الانتخابات؟أليست هذه الحكومة مجرد نسخة منقحة للحكومة السابقة؟ ألم يمس التغيير في هذه الحكومة المسميات بدل المشاريع؟ ماهي حصيلة النسخة السابقة وما هي تطلعات الحكومة الحالية؟ هل سيستعيد المواطن ثقته في العمل السياسي من مدخل الأداء الحكومي؟
الملفات الكبرى كالتعليم لا جديد في الحودة وتنوع العرض التربوي؟ الملف الصحي واخا تموت والله لاتسوقو ليك؟ ملف العدل يراوح مكانه في علاقتنا به في الحياة اليومية...
المهم هو أن القادم من الأيام سيتبث فعلا حقيقة الأمور"
الأربعاء 09 أكتوبر 2019 - 22:45,أم امينة,والله العظيم لي كنت كانكره أكثر فالحكومة هو ديك يتيم لي زاد خرج على التشغيل الله على راحة وخا هم هم
الأربعاء 09 أكتوبر 2019 - 22:46,F.B.S,هنيئا لكم .الوطن لنا و المناصب لكم و لابنائكم و اصهاركم و مقربيكم و هنيئا للمغادرين بتعويضاهم و معاشاتهم و مكافآتهم على فشلهم.
الأربعاء 16 أكتوبر 2019 - 11:36,khalid,اللهم يسر الامور ...اشياء تفرح ان نراها في الدول الاسلامية والعربية
الأربعاء 16 أكتوبر 2019 - 21:08,Ayoub N,الانتقاد البناء هو حق للجميع و لكن يجب التذكر ان هذا المدرب جديد على المنتخب و يحاول بناء منتخب حسب فلسفته فمن الضروري المرور بمطبات و صعاب بدونها لا يمكنه الوقوف على منتخب يرضيه.على كل حال لسنا في حاجة الى تبدير المال على كرة القدم التي لم تنفعنا في شيء فالأموال التي صٌرفت على كرة القدم هي مبالغ خيالية من غير العقلاني تبديرها و نحن في المغرب لدينا مواطنون في مناطق يعانون من العزلة.
الأربعاء 16 أكتوبر 2019 - 21:10,marocain du maroc,"السلام عليكم
باش نجيكم من الأخر باش يكون عندنا فريق تنافسي ماشي عام اولى عامين خاص عل أقل واحد 4 سنوات ولكن بشروط تعطى إمكانيات كلها للبطولة المحلية وتكون عقود الاعبين صعيبة للبيع هاد المدة كاملة او من تمة يكون فريق وطني كيتكون من جوج اولى ثلاثة دأقوى الفرق أشوفو النتيجة ."
الأربعاء 16 أكتوبر 2019 - 21:12,حسن,والراجل شرف وتلف عاد جابو لقجع. نحن وراء المنتخب المحلي فقط وسينتصر ان شاء الله
الأربعاء 16 أكتوبر 2019 - 21:15,Ziryab,في كل قطاع تجد شخصا لا يتزحزح من مكانه. في الحكومة هناك وزير الأوقاف التوفيق و في الأحزاب هناك العنصر الذي بقي عاصر في مكانه منذ أن خلف أحرضان. و في المستشارين تجد أزولاي منذ بداية التسعينات أي قبل استقلال دولة كرواتيا و في كرة القدم تجد حجي.
الأربعاء 16 أكتوبر 2019 - 21:15,محمد,يجب على الجامعة فسخ عقد المدرب و مساعديه وتعيين اطر وطنية لقيادة المنتخب
الأربعاء 16 أكتوبر 2019 - 21:17,تايكة غرماد,ولماذا لا يدخل في الحساب عشرات الأسباب التي افقدت مصداقية جامعة التبذير والفشل وعدم محاسبة رئيسها او حتى إلزامه تقديم الاستقالة !! فهناك تجاهل كلي وغريب لرأس الجامعة ومكتبة ومختلف الدخلاء والمرايقية وأشباه المستشارين والتقنيين كل هذه الوضعية يتم التستر عليها بشكل غريب
الأربعاء 16 أكتوبر 2019 - 21:18,footeux,هذا المدرب درب فريق Nantes من بعد رحيله اليوم الفريق في الرتبة الثانية في الدوري الفرنسي زيادتا لا يوجد عندنا لاعبين والاعبين المحليين لا تقنيات لا للياقة بدنية هذا هو واقعنا يجب تقبله
الأربعاء 16 أكتوبر 2019 - 21:20,nichane# نيشان,ليس المنتخب المغربي من عليه ان يبعت رسالة اطمئنان للجمهور المغربي.....بل اختيارات المدرب الفاشلة ومنهجيته وأسلوبه في عمله... وخرجاته اﻹعﻻمية الخاطئة ......
الأربعاء 16 أكتوبر 2019 - 21:22,مومو,الﻻعب المحلي فاز ببطولة افريقبا و الوداد فازت ببطولة افريقيا و الرجاء بااكاس ناهيك عن بركان .الحسنية اللفعة السامة هو حجي اسألوا عنها المدرب اازاكي .حجي صاحب الجنسية المزدوجة مغربية فرنسية يريد دائما تكوين منتخب من اﻻعبين المزدادين في فرنسا حتى لو كانوا احتياطيون في فرق مغمورة و كون لوبي داخل المنتخب يترئسهم بلهندة فجر و بن عطية يحاربون كل وافد جدبد خارج منضومتهم و كم عانى زياش مع رونار و حمد الله الدي غير حجي اقواله لكونه منتوج محلي يجب محاربته متله مثل الكرتي .النهري صاحب القدفات اامرعبة و الﻻئحة طويلة و حجي يعرف دلك لكونه يتتبع البطولة قبل مجبئ رونار و وحيد
الأربعاء 16 أكتوبر 2019 - 21:22,حمادي,"الرياضة.....زيييييييرو 
الصحة هي نفسها في الإنعاش.
التعليم مااااات المعلمين يتخلص وديما ليبين.
الوزراء البرلمانيين المعاش سمييييين
المواطن لي طاعتهم يمشي يموت احسن ليه."
الثلاثاء 15 أكتوبر 2019 - 09:53,Arsad,"تموت السياسة حين ما يموت الوعي 
عندنا في المغرب لا يوجد شيئ اسمه السياسة وانما الذي يوجد عندنا هو المكر فالمكر شبيه بالسياسة السياسة تعمل على ضبط المجتمع وتعمل على علاج امراضه الاجتماعية والاقتصادية اما المكر فهو يأدي الى التخلف والفساد بمختلف انواعه والمكر جريمة في حق الاوطان والشعوب الواعية لا تسمح باستمرار المقامرين بمصيرها لهذا يحدث في بلدانها حراك يستمر في زلزلة اهل الفساد الى ان تحصل ثورة او حروب اهلية حسب معدل الوعي فيها"
الأربعاء 16 أكتوبر 2019 - 08:33,زينون الرواقي,تختلف النظرة الى السياسة والسياسيين باختلاف درجات الوعي التي بموجبها يتحدد سقف المطالَب .. عموم الشعب من البسطاء يفسر الأمور من منظور فردي يتعلق بأوضاعه وأوضاع المقربين فيتراوح السخط والرضى عن السياسة والسياسيين بمدى تحقق مطالبه الفردية من عدمه أي ان يحظى بشغل ويمتلك مسكنه ويتمكن من تدريس ابنائه وعموماً ان أن يكون وضعه المادي وليس وضع الآخرين مريحاً يمكنه من تلبية حاجاته وحاجات أفراد عائلته .. وكلما زاد مستوى الوعي اتسعت النظرة للسياسة وأهلها ليرتفع سقف المطالَب متجاوزاً الذات الى ما هو أرحب والى الاهتمام بأمور الشرائح المتضررة من الممارسات السياسية الفاسدة وإلى الخط السياسي برمته بامتداداته الداخلية والخارجية متسامياً على تلبية الحاجات الفردية الى الاهتمام بعمق الأشياء والتفاعل الخارجي مع باقي الأمم وحتى خانة التحالفات الذي يندرج فيها البلد ضمن الاصطفاف الايديولوجي مع أو ضد كيانات سياسية خارجية مناهضة أو متبنية لقضايا الشعوب والمستضعفين هذا يحدث عند الآخرين وليس هنا .. نحن عشنا حالات لوعي زائف وممارسات نضالية وهمية توحي بتبني قضايا أكبر من ان تكون فردية لكن الأمور سرعان ما انكشفت بمجرد ابتلاع طعم الانجرار نحو عوالم السياسة المخملية والمناصب الكبرى والامتيازات المغرية ليتضح ان من توهمنا لفترة من الزمن انهم تجاوزوا النظرة الضيقة للسياسة إنما مارسوا نوعاً من التقية النضالية لحين التمكن مما هو أكثر من مجرد تلبية الحاجيات الأساسية التي تتمحور حولها نظرة البسطاء للسياسة والسياسيين .. فيصبح الشيوعي حليفاً للإسلامي يلهث وراء المناصب والاشتراكي دليلاً يتسوَّل منصب وزير بلا حقيبة والمعتقل السياسي السابق سفيراً يلغ في الريع والامتيازات لتبقى السياسة في نهاية المطاف هي إتقان فن الانحراف وليست فقط السياسة المنحرفة ....
السبت 12 أكتوبر 2019 - 14:12,احمد,للمطالبة بالحقوق يجب القيام بالواجبات. والتفاعل السياسي فيما يخص الواقع المعيش امر مهم
السبت 12 أكتوبر 2019 - 16:27,رؤية,يجب على الاحزاب السياسية أن تواكب التطور وتقدم مرشحين معايشين للناس. لتتمكن من احتضانهم.
الاثنين 07 أكتوبر 2019 - 16:23,لالا,مع الأسف الشديد أن هناك بعض المغريات الغير المتقفات حاولن تقليد ليلي غاندي داخليا و خارجيا في أعمالها المعروفة دوليا ، و نصيحتي الى هؤلاء أن يطلعوا على سجل هذه المرأة التقافي قبل كل شيئ، هذه المرأة هي مفخرة لكل المغاربة.
الاثنين 07 أكتوبر 2019 - 16:29,حسن,برافو غاندي تحياتي وتستحقين امرأة والنساء قليلات واصلي.ولا تبالي.
الاثنين 07 أكتوبر 2019 - 16:52,JAMAL,BRAVO GHANDI ET BONNE CONTINUATION
الاثنين 07 أكتوبر 2019 - 17:19,HASSAN,بنت البلد اصيلة . تستحقين التنويه ونتمنى لك التوفيق والرقي
الاثنين 07 أكتوبر 2019 - 17:29,aziz,انت فخر النساء المغربيات افتخري بنفسك انك مغربية
الخميس 10 أكتوبر 2019 - 11:58,بوحاطي,هاد الجمعيات سيخريون بيوت كتيرة بسبب تمرد المراءة على الرجل مما يخلق مشاكل كبيرة و في الاخير المستفيد الاول الدولة من كترة الطلاق و ملء الخزينة
الخميس 10 أكتوبر 2019 - 12:00,عادل,انتباه إخوتي المغاربة هدف هؤلاء هو خلق فتنة بين الازواج لا غير الرجاء تم الرجاء التعامل بمنطق العقل
الخميس 17 أكتوبر 2019 - 14:18,Omar de Canada,"Ardougane croît que la Turquie est un pays puissant pour se permettre d'attaquer un autre pays. C'est un pion comme les autres pions arabes. Sans Sam7ini, Baklawa et le tourisme, la Turquie n'a aucun poid dans le monde."
الخميس 17 أكتوبر 2019 - 14:43,محمد الزموري,أين أنصار أردوغان المسلم الأمين الرجل القائد الشهم الملقب بكل ماهو إسلامي محض أليس المسلم هو من يسلم الخلق من بطشه وجبروته أليس هذا بنبراس العثمانية الآثمة رسولنا الكريم ص الله عليه وسلم قال إن هد الكعبة المشرفة حجرا حجرا لأهون عند الله من قتل نفس مؤمنة أم الإخوان السوريون أصبحوا مختبرا لتجارب الأسلحة الشرقية والغربية حسبنا الله ونعم الوكيل حسبنا الله ونعم الوكيل حسبنا الله ونعم الوكيل.
الخميس 17 أكتوبر 2019 - 15:30,محمد,أردوغان ديكتاتور قاتل ومجرم ضد الانسانية. ومن يدافع عنه من منطلق ديني فليعلم أن عقله تعشش فيه الكراهية والظلم والطغيان والاجرام والقسوة والمكر.
الخميس 17 أكتوبر 2019 - 15:37,متابع,لم اعد اعرف كيف لهؤلاء المسلمين ان يقتلوا بشرا بغير حق فقط للهيمنة او الاستعمار او لامور دنيوية اخرى الا يعلمون ان قتل النفس حرام ويعاقب مرتكبها اشد العقاب وما بالك بقتل العشرات او المءات او حتى الالاف
الخميس 17 أكتوبر 2019 - 09:12,مغربي,مجلس الأعلى للحسابات بدون محاسبة . رغم تقريرها ليس هناك محاسبة ومحاكمة بل الأوراق فقط والشعب يتفرج في مسلسلاتها.
الخميس 17 أكتوبر 2019 - 09:21,احمد,اموال طائلة تصرف من جيوب المواطنين ، ﻻجل مراقبة الفساد! ؟ تضاف إلى الفساد ، فيصبح فاسدين .
الخميس 17 أكتوبر 2019 - 09:26,خليلوفيتش,هرمنا من هذه الاسطوانة مجلس الحسابات بدون محاسبة ما الجدوى منه؟؟؟؟
الخميس 17 أكتوبر 2019 - 10:10,عبدالله,ما إحداث هذا المجلس إلا لذر الرماد في العيون ولاستنزاف المزيد من أموال الشعب المغربي تحت غطاء هذا المسمى الجديد وخير دليل على ذالك اننا لم نسمع بمحاكمة ثم فيها محاسبة المسؤولين وإرجاع المال العام الى خزينة الدولة فهذا عار في جبين محدثي هذا المجلس .
الخميس 17 أكتوبر 2019 - 10:44,ابراهيم,"رسم كاريكاتوري في الصميم و معبِّر عن عمق السياسة في المغرب.
تحية لك #بو_علي"
الخميس 17 أكتوبر 2019 - 10:59,chan,ما الفاءدة من المحاسبة مالم تقدم هده الملفا ت للقضاء للمحاكمة
الخميس 17 أكتوبر 2019 - 12:44,مستغرب متشائم.,سواء مجلس الحسابات او البرلمانات مسرحيات لإقناع المغاربة بانه هناك قانون وهذا نوع من أنواع الأقراص المرنة المسكنة. لكن المغاربة فاقوا وعاقوا. الله يستر ...
الخميس 17 أكتوبر 2019 - 14:19,دار السلام,"اعجبتني الصورة الكاريكاتورية كثيرا .......
ما فائدة التعب المنهك في التحقيق 
في حين لا زالت الاختلاسات سارية المفعول ..... دون محاسبة ... لا زال الغراب ينهب المحصول"
الخميس 17 أكتوبر 2019 - 20:15,OUSSAMA,حسب كاتب المقال فإن الحادتة مقصودة و أنتقامية و الله أعلم
الخميس 17 أكتوبر 2019 - 20:18,حارس أمن,أدهسوهم لأننا نتواجد بكثرة عار على هاذ الشعب الذي سولت لهم أنفسهم بفعل مثل هذه الفواجع لكن الدولة هي المسؤلة في دلك عندما تعطي حقوق إنسان وهو في الأصل حيوان اعتذر لبعض العقول الرقية وشكرا هسبريس
الخميس 17 أكتوبر 2019 - 20:18,رشيد أمستردام,"السلام عليكم ورحمة الله وبركاته 
آللهم اشفيهم شفاء لا يغادر سقما 
ممكن غيكون شي ولد لفشوش عاوتاني
هادشي لي كاين في هاد البلاد غي المشاكل وصافي مشينا فيها هادشي 
. والسلام"
الخميس 17 أكتوبر 2019 - 20:20,فرنسا,اللهم اللهم هذا منكر !!! السيبة في المغرب الحبيب !! الشرطة و الدرك الملكي يقومون بعملهم لكن القضاء صفر على صفر !!حسبي الله ونعم الوكيل
الخميس 17 أكتوبر 2019 - 20:22,ماهيل محمد,ماهده العدوانية التي أصبحت تمارس ضد هؤلاء الاناس،الدين يسهرون،بكل تفاني،على امننا،وراحتنا،بالأمس دركي،في ريعان الشباب واليوم راح ضحية متهور،واليوم وربما غدا لقدر الله نرجو أن يحموا،من يجموننا
الخميس 17 أكتوبر 2019 - 14:39,فرانز كافكا,"الذي اعطى الرخصة لهذا المحل هو من يجب محاسبته ... كيف يعقل أن يفتح محل لبيع البونج ( و البونج معروف أن سريع و شديد اﻹشتعال ) وسط حي سكاني ... و اﻷخطر يظهر من خلال الصور ان المحل كائن وسط دروب ضيقة يصعب الوصول إليه بواسطة شاحنات الوقاية المدنية ... هذا و إذا بحثنا في الموضوع انا جد متأكد انه لا يتوفر على وسائل إطفاء النار رغم انه يبيع مواد قابلة للإشتعال ... 
اوقفوا العبث بسلامة و روح المواطن رحكمكم الله ... و المحاسبة ضرورية"
الخميس 17 أكتوبر 2019 - 04:46,المزابيHD,هل الزنا والحمل السفاح وقتل الجنين بدون حق بالاجهاض تعتبرونه نضال ؟؟
الخميس 10 أكتوبر 2019 - 06:08,علولة,"لكي لا نكون منحازين لأي طرف ولا جهة يقال اللغة الأمازيغية ويقال للغة العربية والفلاحية حسب علمي ان للغات الدنيا المعترف بها قواعد وحروف وأرقام 
هل للأمازيغية قواعد وحروف وأرقام خاصة بها للعلم لا تبحث عن ارقام عربية او غربية لكي ندافع مع الأمازيغ عن هذه اللغة إن كانت تحتوي على كل المعايير فالنجعلها لغة عالمية 
اما وان تدرس هذه اللغة بنصف محتويات اللغات الأخرى فلسنا معكم"
الخميس 17 أكتوبر 2019 - 16:45,شيشاوي,تحية خاصة لرجال الامن الوطني لمدينة شيشاوة الساهرين على ءامنها .تحية وحترام لرجال الامن في كل المغرب
الخميس 17 أكتوبر 2019 - 16:54,مهاجر,بعد التحية والتقدير لرجال الامن لا ننسى دور مايعادل 34 مليون مخبر
الخميس 17 أكتوبر 2019 - 19:39,علال,انا بغيت غي نعرف ياك هذا المخدرات نابتة في بلاد المغرب ومسقية بالشتاء اللي تطيح في المغرب ومحصودة (الله اعلم بالمنجل ولا بالماكينة) ومخدومة في هذا البلاد السعيدة وملفوفة في البلاستيك والسكوتش ايوا كيفاش حتى مقدم ولا شيخ ولا رجل أمن ولادرك ما جايب خبر، العيون كانوا مغمضين اقطعها هبرة تبرأ
الخميس 17 أكتوبر 2019 - 11:41,القنيطري,في مدينة القنيطرة حي إسماعيلية قرب الطريق المزدوج كان عندنا حديقة متنفس للأطفال جاء شخص لا نعرف من أين أتى وستولى على هذه الحديقة وبنى محل تجاري كبير وأكبر شقة في القنيطرة فوق المحل على مساحة 400m نسمع أنه إبن عم مستشار الملك ونسمع أنه من عائلة الرباح السيد الدي يتكلم على الفساد ونسمع كثير من الأشياء لأكن لا نعرف الى أي مافيا ينتمى لا نريد تلك الحديقة نريد معرفة الى أي مافيا ينتمي؟؟؟
الخميس 17 أكتوبر 2019 - 12:17,حسن بنلحسن,"جيد ان نعاقب من يخالفون القانون لكن السيء هو ان العقاب لا يطال الا المهمشين.
101 بناية لا يمكن ان تكون قد بُنيت في ليلة واحدة و المسؤولون نيام، على اعتبار ان السلطات لا تملك مداومة.
البناء تم تحت اعين السلطات المسؤولة على احترام القانون هذا ان استحيينا ولم نقل تحت اشرافها و مباركتها.
الذي يجب معاقبته اولا هو من يتقاضى اجرا من اموال دافعي الضرائب للسهر على المراقبة. ثم نمر الى القضاء للحسم في هدم الوحدات إحتراما للدستور و اختصاصات السلطات.
السلطة التنفيدية عليها من حدوث المخالفة لكن بعد حدوثها هذا اختصاص القضاء."
الأربعاء 16 أكتوبر 2019 - 21:31,تقني,"هذا ما يسمى بالضحك على العقول 
كفى من استعلاء الشعوب با حهله"
الأربعاء 16 أكتوبر 2019 - 21:36,حميد,وتأتي هذه الخطوة بعد أخرى أقدمت عليها الفنانة المصرية شيرين عبد الوهاب، التي اقترحت إقامة حفل يعود ريعه للضحايا برعاية من رئيس الوزراء اللبناني سعد الحريري. وهل تعلمين يا شرين كم اعطى سعد لعارضة ازياء في جزر السيشل من مليون دولار اعطاها جبل من الدولارات اكبر من هرم خوفو
الخميس 17 أكتوبر 2019 - 07:15,oujdi casawi,واش داك نتا لشي لبنان و الحرايق. باراكا مديرو البوز بالفهامات. هديك المنطقة راها شاعلة فيها النار من 1948 و انت بعيد علا هادشي فكريا و جغرافيا. مالك متضامنت مع سوريا شاعلة فيها النار 6 سنوات هادي. كضحكو علا الوقت يا انصاف الفنانين. تضامنت حتا فيروز اللي بنت البلاد
الخميس 17 أكتوبر 2019 - 08:12,النور,صوت الدوزي جميل وله طاقة هائلة ومخارج حروفه رائعة حبذا لو استغلت في ترتيل القرآن الكريم....أتمنى من هسبريس النشر
الخميس 17 أكتوبر 2019 - 08:13,Jamil,"Très très bon film j'ai adoré un vrai chef d'œuvre
Dommage que au Maroc on peut pas créer un film comme sa, on peut juste faire hdidane"
الخميس 17 أكتوبر 2019 - 08:41,othmane,صحيح الاحتقار يولد الاحتقار من الناحية الفنية الفلم تحفة رغم ضلامية القصة الا ان الالوان وجدة طريقها الا شاشة اما القصة فهي تعبير طراجيدي مضلم عن حياة بعضنا
الخميس 17 أكتوبر 2019 - 08:43,Adil,يبدو انك عشت مع الفيلم ولازلت تعيش تبعات لقطاته..استيقظ فثوران الشخصية في امريكا ليس كثورانها في المغرب..ان تتغير ويسخن عليك راسك فالقارورة تنتظرك.
الخميس 17 أكتوبر 2019 - 08:46,Hamza Allemagne,"Vu hier : tout simplement énorme ..moi qui ne suis pas fan de tout ce qui est Batman ou superman j’ai été conquis .film magnifique et prenant ... une petite brochette d’oscars en vue

Ce film est un pur chef d’œuvre, tellement dérangeant, 

émouvant et violent. Joachin Phoenix est juste incroyable! Une réelle merveille"
الخميس 17 أكتوبر 2019 - 09:19,البطاح,"الحقيقة اني قبل قراءة النص كنت اشك في كوني من أكون؟ او من انا؟ وبقراءتي لهذا النص المتموج صعودا وهبوطا في اسفزاز القارئ المستكين إلى لا جدوى التفكير والتأويل أو لا جدوى القراءة حتى.ايقنت ان الجواب أصبح يقينا من انا؟ ولو على الأقل إلى حين مشاهدة هذا الفيلم الرائع! 
تحية إلى الكاتب والإعلامي بلال مرميد"
الأربعاء 16 أكتوبر 2019 - 23:55,عباس فريد,"الجميع يعلم انه في هذا البلد انه ليس هناك قضاء ومتابعة بالنسبة للقضايا الكبرى للفساد ويكون فيها متهمون من رموز المنظومة وهذا شيء مؤكد وقاعدة في إطار الريع من اجل الحكم والتحكم والدليل هو مصير تقريرات جطو وغيرها من القضايا التي تترنح في المحاكم منذ سنوات !!
ضياع الوقت"
الخميس 17 أكتوبر 2019 - 00:17,متتبع,"تجاوزات و خروقات كاينة بالصح.. لكن للتاريخ و الحقيقة ان اغلبية الرئيس السابق كانت. نقابة كدش جزء منها.... جزء في الاغلبية و جزء في المعارضة.. 
و هدا المشكل اصبحنا نلامسه في عدة قطاعات و مؤسسات... نقابة واحدة بموقفين.. و هدا نتاج ضعف التنظيمات النقابية و عمل المسؤولين على تقسيم النقابات و ضرب وحدتهم....."
الخميس 17 أكتوبر 2019 - 00:19,slima,ما جدوى تقارير المجلس الأعلى للحسابات ولجان تقصي الحقائق وفرق التفتيش إذا لم تحل ملفات المفسدين على القضاء ؟
الأربعاء 16 أكتوبر 2019 - 17:53,رجل,حاجة واحدة لم يتطرق إليها المتدخل هي تأثير( الهرمونات HCG التي تفرزها بعض خلايا الجنين في البداية ثم البلاسينتا فيما بعد ; و التي هي غريبة على جسم المرأة في البداية ) على أعصاب و بسيكولوجية المرأة الحامل....الوحم لا علاقة بالدلل ..و إلا لكان خلال الحمل كله و ماشي غير شهرين أو ثلاثة ..على كلٍّ هذه حالة تتطلب مزيدا بالإهتمام و العناية بالمرأة ..عطيعا الحنان و الرعاية تعطيع ولد أو بنت..أظن أنها تستحق..
الاثنين 14 أكتوبر 2019 - 19:22,Arsad,"المشكل ماش فالكارسري المشكل كاين فالمحرك
الحين الانتخابات عندنا على 5 سنوات الحكومة الاولى في 40 وزير 3 سنوات ديال الصريط باقي عماين ايعطوها فرصة لوحدين كانوا معاهم هاذ العام حشموا وحقروا على 10 وخلاو 23 بش يكلوا فهاذ العمين الي بقات يعني الحكومة ديال 5 سنوات فيها اكثر من 60 وزير اللعبة فين كينة العبة هي ان هادوك الى تعفاو غيخططوا ويحضروا لانتخبات المقبلة حتى حاجة ما كتبدل ما كتغير"
الأربعاء 16 أكتوبر 2019 - 11:07,ياسين,تحليل منطقي و رؤية شمولية شكرا على المقال
الخميس 17 أكتوبر 2019 - 15:50,فرانز كافكا,اظن هذه السيدة تحتاج إلى علاج نفسي و ليس للمحاكم و السجون ... و قد يزيد سجنها الطين بلة لها و للإسرتها ... عكس العلاج النفسي الذي لا محالة انه سيعطي نتائج إجابية 100%
الاثنين 14 أكتوبر 2019 - 10:20,تاوناتي,"شاركت في كل حكومات البيجيدي.اذا فانت ايضا تتحمل مسؤولية فشل حكومة بن كيران وحكومة العثماني الاولى، والفشل الذي ينتظر الحكومة المعدلة، .فلا داعي لاستحمار المغاربة وتكرار الخطابات الشعبوية التي كرهت المغاربة في بن كيران وفي السياسيين.فاما انك من الموالات وعليك ان تدافع عن رءيسك،يعني العثماني،أو أنك من المعارضة، وعليك أن تنسحب من الحكومة.
انت كما يقول المثل الفرنسي :
Tu veux le beurre et l'argent du beurre"
الأربعاء 16 أكتوبر 2019 - 20:14,simo danmark,اسرع عفو ملكي ....في عهد العثماني...
الأربعاء 16 أكتوبر 2019 - 20:17,يحي الوجدي,مبروك الاخت هاجر و حقظ الله ملكنا محمد السادس نصره الله
الأربعاء 16 أكتوبر 2019 - 20:17,hajiba badr,انا لا أتفق معا القرار العفو الملكي على فرد واحد بي صراحة هاد ليس عدل
الأربعاء 16 أكتوبر 2019 - 20:19,جواد,شي عفو اخر على زفزافي و بو عشرين و البقية...
الأربعاء 16 أكتوبر 2019 - 20:23,amaghrabi,"انا سعيد جدا في هذا اليوم المبارك الذي سيبقى مسجلا في تاريخنا العظيم ,وفرحتي عظيمة حينما ارى البسمة والسعادة في وجه العاشقين الرائعين الذين كانوا ضحية القوانين البالية التي اكل عليها الدهر وشرب,والحمد لله لنا ملك عظيم متفتح يعطي ما لله لله وما لقيصر لقيصر ,فالدين لله والوطن للجميع,فلتسقط الرجعية والنصر للعصرنة والحداثة ومسايرة العالم بكل ثبات وبعقل يميز ما بين الحرية وما بين العبودية,"
الجمعة 11 أكتوبر 2019 - 11:39,القنيطري,"Cet individu ne sait pas ce que c’est la virginité de l’homme en Occident !!! Un jeune homme occidental vierge ou puceau c’est un homme occidental non circoncis , le jeune occidental puceau "" vierge "" est incapable de dépuceler une fille vierge et si il essaye il va s’arracher la peau et pleurer comme un enfant pour décalotter son punis il doit pratiquer la sexualité avec des prostituées plusieurs rapports. à partir de ce problèmes chez l’homme occidental, les occidentaux ont banni la virginité de la femme et libérée la sexualité. Cet individu ignore l’histoire de la sexualité chez ses maîtres occidentaux"
الجمعة 11 أكتوبر 2019 - 11:42,امازيغ سوسي,اليس هناك ما يناقش الا الجنس ؟ انا ساطرح سؤالا كيف لشخص ان يترك اجرة 30 مليون شهريا من اجل منصب وزاري ب 3 او 4 ملايين شهريا ؟ وهي حالة وزيرة في حكومة العثماني المعدلة .
الجمعة 11 أكتوبر 2019 - 11:42,said,تبارك الله عليكوم ساليتو مع الرشوا سليتو مع التعليم سليتو مع الصحه سليتو مشكل الهجره سليتو تشغيل ساليتو مع المخدرات او مه الفساد بقا ليكوم غير تكلمو علا تشريع علاقات خارج جواج او تمكين مفسيدين او المفسيدات من الاجهاض اودي اشنو غنقول قباح الله واسعيكوم فهاد النهار الجمعه زمره ذيال منحليل اخلقياااان
الجمعة 11 أكتوبر 2019 - 11:51,الدن ابو يوسف,هل الجنس هو الموضوع الوحيد الذي ييتناوله المغاربة اظن ان هناك مواضيع اخرى اولى بالنقاش الصحة التعليم القضاء والتي تعتبر مفاتيح التنمية لبلدنا الحبيب
الجمعة 11 أكتوبر 2019 - 11:58,بوحاطي,هناك من يدعوا و يوجاهر بالزنا علانية ما كان ان يسلط عليهم الضوء و اعطاءهم الفرصة اغلبهم علمانيون
الاثنين 07 أكتوبر 2019 - 17:41,حسن,رجل والرجال قليلون من كان يضن ان هاد السيد سيقدم الاستقالة حسب ما يشاع لولا الحرص من القيل و القال ...( اللهم سلة بلا عنب )
الاثنين 07 أكتوبر 2019 - 17:57,nor,لقد انتهى دوره ودور حميد شباط في الحقل السياسي .الدولة استعملتهم كأرانب السباق فقط لوقت محدد
الاثنين 07 أكتوبر 2019 - 19:52,amin sidi,سلام .اتسال ليماد هد السيد زار اكراد العراق اولبس ليباسهم امش يخد منهم تجريبة الحكم الداتي منهم .هدي وحدة والتانية هو شعار جهة طنجة تطوان الحسيمة الدي يوجسيد المنطقة الشمالية على شكل قبعة جبالة خالي من رموز المملكة كالتاج او العلم الوطني اوهاد الشعار جاء متزامن مع مضاهرت الريف .كل هد الى هو حاجة في نفس يعقوب واليام ستاتي بالجديد وينكشف كل شيء ؟والهروب الى دولة مستعدة تعطيك حق اللجوء السياسي اوربما جنسيتها راها عندك مسبقا والفرار لينفعك وسوف تبقى ترديد اين المفر.؟
الاثنين 07 أكتوبر 2019 - 19:58,منير,شخص منبوذ في الريف لن يجد من سيواسيه
الخميس 17 أكتوبر 2019 - 09:43,Maria,"بالنسبة لتجميع وزارة الثقافة مع وزارة الرياضة، مبدئيا العقل السليم في الجسم السليم, و بالنسبة للطفولة, تكون هناك غالبا انشطة رياضية و ثقافية في نفس الوقت, مثلا في الرحلات المدرسية و التخييم في العطل او عروض خاصة للاطفال هنام من يمزج بين الرياضة و الثقافة و بعدها يختار مثلا الموسيقى و اتقان الة موسيقية معينة او المسرح و بين الرياضة, مثلا ممارسة كرة القدم او كرة اليد او التنيس او الايكيدو...في مرحلة الطفولة, اما على مستوى البالغين, فهناك فعلا نظرة للرياضيين على انهم غير مثقفين, بعض الاحيان يكون ذلك حكم مسبق يعني ""كليشيه"" هناك رياضيين مثقفين, و على الوزارة احداث توازن و ليس تقديم مثلا الرياضة على الثقافة او العكس.

بالنسبة للنقطة الخامسة, التي ذكرت فيها ان إسناد المناصب في المجال الإداري يخضع للولاءات الحزبية، واعتبارات أخرى بعيدة كل البعد عن منطق إسناد المهام للأشخاص المناسبين, متفقة معك على انه يجب النءاي او ابعاد الادارة عن الولاءات و الصراعات الحزبية..."
الأربعاء 14 يونيو 2017 - 19:00,رايحانة,الصراحة المغاربة مدربون بالفطرة و لكن زيادة الخير خيرين علاش لا
الخميس 17 أكتوبر 2019 - 18:56,العدل,"العدل اساس الملك أو الحكم إن صح التعبير 
هادا العفو لا معنى له أصلا إن كانت هده السيدة مدنبة و ارتكبت جريمة كما كان يهلل لها........ و تم النطق بالحكم عليها من طبيعية الحال يجب إحترام القضاء.....
لكن مع كامل الأسف الشديد السيدة هاجر الصحفية النزيهة التي تزعج بعض الشيء الجهاة المعنية أول شيء تم تلصيق لها تهمة و تم تشويهها في نظر البعض....
على كل حال ليس مهم المصيبة الكبرى هناك من يستحق العفو كدالك مثل المهداوي و بوعشرين و ناس الريف و جرادة و زاكورة لكن مع كامل الأسف الشديد ليس عندنا عقلاء في هادا البلد السعيد
الله ينصر الدولة الكافرة إن كانت عادلة خلاصة القول"
الخميس 17 أكتوبر 2019 - 19:09,Maria,"العفو الملكي رافة و رحمة و عطف من جلالة الملك حفظه الله, لانه راى انهما مخطوبين و لا يريد تذمير مستقبلهما, اما هما فعليهما ان يتزوجا لتصحيح هذا الخطأ الذي وقعا فيه, خصوصا انهما متدينين و هي متحجبة و صحافية, يعني لا ينقصهما المال للزواج على سنة الله و رسوله او انهما عليما اتمام دراستهما اولا...و عليهم طلب العفو من لله بسبب اجهاض جنينهما و خلق ضجة اعلامية حول حرية المراة في جسدها و ان من حقها قتل جنينها متى شاءت ذلك و حتى بدون سبب يذكر و في تناقض صارخ مع ""مرجعيتها الاسلامية"" و مرجعية عمها احمد الريسوني..."
الخميس 17 أكتوبر 2019 - 20:46,bensaid,لمادا لم يتم العفو على جميع الدين اجهضوا و كل من تورط في حمل غير شرعي?انشري رجاءا.
الخميس 17 أكتوبر 2019 - 21:08,Maria,"انا شخصيا بعد دراسة معمقة لتعامل و مواقف الاحزاب المغريبة و الجمعيات, في عدة مناسبات و قضايا و احداث كثيرة منذ 2011 تبين لي ان جزء من اليسار متواطئ مع جزء من الاخوان واشخاص اخرين بعينهم, لا اريد ذكرهم هنا, لخلق جدل مصطنع حول قضايا معينة تخص الحريات الفردية و حقوق الانسان و لاحراج الدولة و عرقلة عملها و احراجها ايضا دوليا و وضعها في مازق و هذا شيء اكيد و يتاكد يوما بعد يوم."
الخميس 17 أكتوبر 2019 - 11:16,البعمراني,النقابات. ستخترع مطالب جديدة. ادا تم الاستجابة. لكل الطلبات. حتى الغير معقولة.
الخميس 17 أكتوبر 2019 - 11:20,toufik,بعيدا عن مشاكل أطر التدريس. عن أي إصلاح يتحدث السيد الوزير و نحن لحد الساعة لم نتوصل بكتب التلاميذ و لا نزال نتخبط مع المواد في غيابها؟ أين هي اامحاسبة و تحمل المسؤولية؟
الأربعاء 16 أكتوبر 2019 - 15:29,وجدي,يجب أن نقطع دابر هده الأمور في مهدها لا تتطور وتصير أمورا عادية يجري بها العمل.ضقنا درعا بهده العلاقات الخادشة للحياء في الأماكن العامة بل حتى في بيوتنا.صرنا نحرج من مرافقة زوجاتنا وأمهاتنا واطفالنا. جريمة الإخلال العلني بالحياء لم تعد تتابع النيابة العامة من أجلها. العزاب يفعلون ما يشاءون في الشقق التي يكترونها في ظل الثغرات القانونية العديدة التي تعتري ضبط حالات التلبس وفي ظل كدلك استكانة الجيران وعدم ثورتهم.كفى تمييعا لهدا البلد.ثورة أخلاقية هي ما نحتاجه أكثر من أي وقت مضى
الأربعاء 16 أكتوبر 2019 - 15:40,أبوطه,المغاربة و المغرب و الدستور البلاد أننا بلد إسلامي و للإسلام والمسلمين ضوابط تحكم العلاقات بين الناس في شتى دواليب الحياة فمن العار علينا أن ندخل في مثل هذه النقاشات العقيمة التي لن تفيد مجتمعاتنا في شيء بل على العكس سيكون هو الدمار و الخراب بعينه. و تذكر عزيزي القارئ قول رسولنا الكريم محمد صلى الله عليه وسلم هل ترضاه لأمك.
الأربعاء 16 أكتوبر 2019 - 15:43,مواطن!,هذا هو شغلنا الشاغل هذه الايام!البلاد غارقة في الديون و الفساد و رداءة الخدمات بجميع انواعها!وهولاء لا هم لهم الا ما تحت الحزام!لقد تعبنا حقا من كل هؤلاء الذين ينادون بالحرية!لا حرية في العالم بدون ضوابط!علاقة رضائية انتم تقصدون الزنا!وهو محرم في الشريعة و في كل الشرائع!نحن لسنا حيوانات حتى نفعل ما يحلو لنا دون ضابط!انت تريد حريتك!الم تخطر ببالك حرية ذلك الطفل المسكين الذي يرمى في البركاسة او ينشأ ذليلا!حتى في افضل دول الدنيا لا يزال هذا الطفل يريد ان يعرف من هو ابوه وما اصله ومن اين جاء..ناهيك عن المراض المنقولة جنسيا و الامهات العازبات..وزيد وزيد..الخليفة عاى الله ف المغرب..
الأربعاء 16 أكتوبر 2019 - 16:14,مسلم والحمد لله.,"قال الله تعالى : ""وإذا الموؤودة سئلت بأي ذنب قتلت "" .. ما ذنب الأطفال الذين يقتلون سنويا عن طريق الإجهاض أو يتم التخلي عنهم في القمامات و على جنبات الطرقات... أإلى هذا الدرجة انحطت قيم المجتمع و صار الإنسان لا يفكر سوى في إرضاء الشهوات البهيمية ولو على حساب إزهاق الأرواح ونشر الرذيلة والفساد. هل وصل بنا الحد إلى أن نجعل من المرأة وسيلة لقضاء الشهوة ولعبة جنسية .... ليعلم المسلمون أن أعداءهم يحاربون قيمهم و عقيدتهم و يحاربون قيام الأسرة بالرباط الشرعي المقدس بنشر الرذيلة و الإباحة الجنسية و الدفاع عن المثلية و نشر الدعارة والعلاقات الجنسية في بلادهم لأنهم يرون في الزواج زيادة عدد المسلمين والعكس بالعكس... لكن المسلمين الحقيقيين يفرون إلى شرع الله ويتزوجون والحمد لله ولا يحيق المكر السيء إلا بأهله."
الأربعاء 16 أكتوبر 2019 - 16:18,kalid,شعب اعتاد على ازدواجية القول والسلوك فتجده يقول انه مسلم وقال قال وتجد افعاله حداثية ومتحررة اننا أمة النفاق بدون منازع
الأربعاء 16 أكتوبر 2019 - 16:48,محافظ,احيي بحرارة المتدخل الأخير والدي بخلاف ما ظننت للوهلة الأولى أنه سيصطف في خندق *المتحررين* إدا اخدنا بعين الاعتبار شبابه ووسامته.فاجءني بمواقفه النبيلة والتي إن دلت على شيء إنما تدل على أنه شاب تقي نقي ورع بالفطرة وطمانني بالتالي على أن ما زال في شبابنا الخير الكثير.لا لإفساد شبابنا .نعم لتيسير مساطر الزواج.ما أجمل أن يتزوج الشباب في العشرين
الأربعاء 16 أكتوبر 2019 - 16:51,سعيد الألفة,"الى kalid
اذا كنت انت منافقا فلا تنعث الاخرين بنفس النعث..
والزنا يبقى زنا..فلا داعي للعب بالالفاظ..و تجميل ما هو قبيح و إباحة ما نهى عنه ربنا."
الخميس 17 أكتوبر 2019 - 21:04,nomade,"....et alors???!! En quoi ça nous concerne??? Ce sera un bon à rien de moins, en tout cas....."
الخميس 17 أكتوبر 2019 - 21:23,زهير,ليونيل ميسي يقول أنه سيعتزل عند عدم القدرة على اللعب!! وهل هناك لعب يستطيع اللعب إن لم يقدر عن اللعب؟؟ تحياتي للعناصر الوطنية، لكل الاعبين في الداخل والخارج
الخميس 17 أكتوبر 2019 - 21:33,رحيم علي,"لعشاق كرة القدم عندما يعتزل رونالدو وميسي ستنتهي حقبة تاريخية في كرة القدم وينتهي مسلسل تحدي العصر وتحدي الزمان وتحدي الأهواء والملذات ستنتهي حقبة زاخرة بهذين البطلين اللذان اعطيا المثل في الاستمرار والعطاء قل نظيرة في المستوى والإبداع طيلة عشريتين وأعطيا مثال للصبر والمثابرة رغم كل الإغراءات ورغد العيش !! والخوف ان يبقى وراءهما فقط النفخ والتطبيل والتهليل الإعلامي في لاعبين لا يرقون لمستوى هذين البطلين .
والأسطورة الحقيقية هي في طول مدة عطائهما الاولى في تاريخ كرة القدم ولمدة عقدين وقد لا تتكرر الأسطورة"
الخميس 17 أكتوبر 2019 - 05:24,ابا هريرة,"المغرب رائدا في مختلف المجالات، ولذلك هو دؤوب على مواصلة الإنتاج"".ومنهم الأكثر والأول في العالم بدون منازع :تبدير أموال الشعب لفئة برلمانية ووزارية ومنحهم حصانات ومساعدتهم على تهريب أموال الدولة وجعل شباب الشعب يفكر في هجرة الوطن نحو المجهول لكي يعودوا من أفراد الجالية ويأتون بالعملة فيصبحوا ناس بئذن الله محترمين ولهم وزن"
الأربعاء 16 أكتوبر 2019 - 08:31,Maria,"و هذا النقاش عميق جدا, يعني عليك ان تتبحر في علوم الدين و الغيبيات و الروحانيات, لكي تفهم هذا الكلام. لانه اولا ليس كلام الوعاظ, و لكنه حديث نبوي شريف, له علاقة بالروح, و المعرفة بالروح هي معرفة خواص الخواص. وَيَسْأَلُونَكَ عَنِ الرُّوحِ ۖ قُلِ الرُّوحُ مِنْ أَمْرِ رَبِّي وَمَا أُوتِيتُم مِّنَ الْعِلْمِ إِلَّا قَلِيلًا (85) الاسراء

و لكن باختصار, يمكن القول ان ما يهمنا نحن او ما يجب التركيز عليه هو ما نعيشه بشكل يومي و ما نعلمه نحن و نحن نعرف او انسان يعرف انه كان من الممكن ان يختار هذا الطريق او ذاك, و ليس التركيزعلى ما في علم الله الازلي و الابدي, لانه يمكنه ان تصاب بدوار او دوخة و تبدا تدور في حلقة مفرغة و يمكنك ان تضل الطريق باعتقادك ان الله غير عادل و تدخل في تناقض مع اسماء الله و صفاته و هو العادل او الحكم العدل و تدخل في اطار اكبر منك و هو في الذات الالاهية و تصبح زنديقا او سفيها او قليل الادب مع الله...اتمنى ان اكون قربت المعنى قليلا و يستطيع اي انسان فهم ما اقصد, رغم ان هذا تقريبا مستحيل..."
الخميس 17 أكتوبر 2019 - 07:04,متتبع,"الله ياخذ من كان السبب في كل المشاكل التي تتخبط فيها المؤسسة.
اتمنى ان تتآلف القلوب و تتراص الصفوف و يسود التفاهم و الوئام بين مكونات اسرة الجريدة في ظل المحنة التي تمر بها.
← فالحذر و كل الحذر و الحيطة مما اتوجس منه ان تخترق اياد ملطخة بالفساد السياسي و سلطة المال وسط مكونات الجريدة لاثارة الفتنة و خلق الصراعات و ارجو ان تتحكم"
الخميس 17 أكتوبر 2019 - 13:53,Dr stone,كما قال حمادي و صاحبه الفرنسي المغرب احسن من فرنسا. شر البلية ما يضحك
الخميس 17 أكتوبر 2019 - 14:14,مزوار,عندما نسمع مصطلح التنمية وانشاء البنيات التحتية ..نشعر بالحسرة والحزن ونحن نعيش في المناطق المنسية فلا تنمية ولاحتى طريق او مدرسة اومستوصف..حالة كارتية ..نعم هنا في دوار اولاد احميدة جماعة بوكركوح ..نطالب مند زمن بعيد باصلاح الطريق التي تمر بجانب سد.الحيمر ولا أحد يسمع صوتنا..ربما يجب علينا أن نمشي على الاقدام لنسمع صوتنا الى السيد عامل اقليم سطات..
الخميس 17 أكتوبر 2019 - 14:23,malika kech,عشنا حتى ولات التبوريدة متنفس ضد البؤس هه. ولن نستغرب ادا اصبحت التبوريدة حل سحري للبطالة والتهميش والجوع . على اي ولفنا التبوريدة الى ما تبوردوا الخيول كايتبوردوا علينا المسؤولين والفاسدين هههه. والله العظيم الى بلغت الحناجر . وضاقت الارض بما رحبت ولامفر من هده الارض الا الى القبر . ونقول لواحد الرباعة من قبيل البوشخي ووووو. غبرتوا هههه . ولا مابقى ما تشكروا ديرو لينا وخا غير ديسلايك ههه.
الخميس 17 أكتوبر 2019 - 09:01,مهدي,مقال جميل عبارة عن دعوة إلى زيارة هذا البلد الجذاب والخلاب، لكن في مثل هذه المقالات لا بأس أن أضاف الكاتب بضعة صور لزيادة التشويق وإعطاء معلومات وتفاصيل أوفى.
الخميس 17 أكتوبر 2019 - 10:15,حميد علي,"أنا ما عندي إمكانية حتى لزيارة بلدة اجدادي او منطقة يقال انها جميلة بالمغرب رغم التعتيم الرسمي الممنهج الذي يضرب على مناطق المغرب المنسي !!
فكيف افكر في جولة سياحية في بلد يقع في الجهة الاخرى من الكرة الأرضية ؟؟"
الخميس 17 أكتوبر 2019 - 13:43,جلاد امريكا,مقال جميل، لكن وجب الحديث كذلك عن عصابات MS13 و 18 التي تنشط في هذا البلد
الخميس 17 أكتوبر 2019 - 18:08,مشاهد,السلفادور من اكثر الدول إجراما في العالم رغم المناظر الخلابة
الثلاثاء 15 أكتوبر 2019 - 13:24,Maria,"انا لا اشك في نوايا السيد الأمين العام للأمم المتحدة, و لكن هناك ظغوطات ربما من دول بعينها, كاسبانيا مثلا, لجعل مسالة حقوق الانسان كمسمار جحا, ليبقى النزاع معلقا. و لذلك على الرغم كل ما يقال عن ترامب, فانه اراد تقليص مهام و اعداد و الاموال المرصودة لبعثة المينورسو, و بذلك يمكن ان تكون الولايات المتحدة الامريكية هي اول من يمكن الاعتماد عليه في حل نزاع الصحراء, لان دونالد ترامب في احيان كثيرة يقوم باشياء تتماشى مع تصوراتي الشخصية للامور, رغم صفقة القرن و مشكل تهويد القدس..."
الأربعاء 16 أكتوبر 2019 - 07:20,ماريو,Peace أو Maria أكيد أن ترامب الآن في غاية السعادة لأن ما يقوم به يتماشى مع تصوراتك الشخصية وأنا أيضاً في غاية السعادة وأنا أقرأ تحليلاتك العميقة .. بلاصتك فالحقيقة فالأمم المتحدة ضايعا فيك الكرة الأرضية .. قولي لي غير فين قريتي تبارك الله عليك ؟
الخميس 17 أكتوبر 2019 - 09:35,الوجدي01,لماذا لا يستعان بأشخاص أكفاء مثل السيد الحو ...دبلوماسياتنا لا يمكنها أن تتقدم ...يجب أن يتكون دائما الوفد من خبراء في القانون الدولي لكي يتفحصوا كل ما سوف يقال وما قيل ...هناك ثغرات لا يفهمها إلا أصحاب المجال ...وزير الخارجية ممتاز ولكنه ليس بقوي في القانون الدولي وقوانين النزاعات لذا يتوجب على الوزارة المسئولة أن تستعين بالخبراء ...
